Timestamps,subclass,x_center,x_length,y_center,y_length,z_center,z_length,z_rotation,bin_idx
1700526251.4813812,VRU_Child,23.224445343017578,0.68,7.510524749755859,0.65,-2.0726688702901197,1.08,-66.47149596168677,000034
1700526251.7813811,VRU_Child,37.790879058837895,0.68,-43.41345291137695,0.65,-2.481685590744018,1.08,-158.7668819456825,000037
1700526251.9813812,VRU_Child,38.55583095550537,0.68,-41.65821123123169,0.65,-1.8259988427162157,1.08,107.39486339389222,000039
1700526252.2813811,VRU_Child,38.59776210784913,0.68,-41.71552324295044,0.65,-1.8281340003013598,1.08,106.84965993092321,000042
1700526252.381381,VRU_Child,37.86361885070801,0.68,-42.66242663065592,0.65,-2.2158175905545527,1.08,-69.41833088107114,000043
1700526252.4813812,VRU_Child,25.46730155944825,0.68,-1.710245132446289,0.65,-1.9781518697738634,1.08,-67.44416862744606,000044
1700526252.581381,VRU_Child,37.61793518066406,0.68,-42.449248504638675,0.65,-1.983150458335875,1.08,-67.0686253540662,000045
1700526252.7813811,VRU_Child,39.60252888997397,0.68,-44.994852701822914,0.65,-1.9741501410802191,1.08,89.09702827900216,000047
1700526253.081381,VRU_Child,30.89251073201498,0.68,-19.933011690775555,0.65,-1.9952574372291547,1.08,106.32424100128728,000050
1700526253.181381,VRU_Child,37.69390996297201,0.68,-42.62060038248698,0.65,-2.5409402052561427,1.08,-98.60516251979303,000051
1700526253.2813811,VRU_Child,38.26488558451336,0.68,-40.577799479166664,0.65,-2.0606276790300986,1.08,108.01817361741803,000052
1700526253.381381,VRU_Child,37.267306645711265,0.68,-39.182555516560875,0.65,-1.955218414465585,1.08,98.62887426156368,000053
1700526253.581381,VRU_Child,35.574807484944664,0.68,-34.02414957682291,0.65,-1.6130533218383778,1.08,-73.26246840658965,000055
1700526253.681381,VRU_Child,37.74444362095424,0.68,-40.44044712611608,0.65,-2.1399946212768532,1.08,101.01274939268839,000056
1700526253.9813812,VRU_Child,38.808725357055664,0.68,-42.991616249084466,0.65,-1.8529872000217424,1.08,-153.14100567977897,000059
1700526254.181381,VRU_Child,36.38739122663226,0.68,-36.16451808384487,0.65,-1.9274526153291964,1.08,-70.99096965152717,000061
1700526254.381381,VRU_Child,36.56623153686524,0.68,-35.757646560668945,0.65,-1.638906741142272,1.08,-68.24924528784786,000063
1700526254.4813812,VRU_Child,38.34944152832032,0.68,-42.97414207458496,0.65,-2.406961341698963,1.08,-42.29132250378999,000064
1700526254.881381,VRU_Child,37.754136766706196,0.68,-41.23880059378488,0.65,-2.098650625773837,1.08,97.34104277798045,000068
1700526255.2813811,VRU_Child,37.071047782897956,0.68,-40.219075202941895,0.65,-1.747812122106552,1.08,92.62104857375161,000072
1700526255.4813812,VRU_Child,35.78924051920573,0.68,-34.3454023996989,0.65,-1.5123958587646467,1.08,-71.70892718950734,000074
1700526255.581381,VRU_Child,37.70992565155029,0.68,-42.94968891143799,0.65,-1.8330568671226493,1.08,86.6818497411187,000075
1700526255.681381,VRU_Child,36.0468692779541,0.68,-33.739501953125,0.65,-1.8098245263099657,1.08,-65.59222961013563,000076
1700526256.081381,VRU_Child,35.509140968322754,0.68,-32.966986656188965,0.65,-1.7470093667507145,1.08,-73.95827344843727,000080
1700526256.181381,VRU_Child,37.69087546212332,0.68,-42.67133494785854,0.65,-2.2746092591966898,1.08,-97.57770162562954,000081
1700526256.4813812,VRU_Child,37.82080078125,0.68,-42.15678329467773,0.65,-2.1776451587676986,1.08,-70.81640977707579,000084
1700526256.681381,VRU_Child,37.58220990498861,0.68,-42.78037770589193,0.65,-2.1569999655087773,1.08,-89.62410820892808,000086
1700526256.881381,VRU_Child,37.052879333496094,0.68,-36.872447649637856,0.65,-1.6037665605545033,1.08,-66.55424190703377,000088
1700526256.9813812,VRU_Child,37.85861778259278,0.68,-42.66153144836426,0.65,-2.21558101971944,1.08,-70.3636547239067,000089
1700526257.2813811,VRU_Child,35.91467361450195,0.68,-33.661307144165036,0.65,-1.5945285320281968,1.08,-73.83349001397971,000092
1700526257.381381,VRU_Child,37.715956551688066,0.68,-42.68125425066267,0.65,-1.9904143810272212,1.08,-72.93854475869142,000093
1700526257.4813812,VRU_Adult_Using_Walker,27.08941497802735,0.99,-21.525397491455085,1.12,-2.723573780059815,1.58,109.35864036269558,000094
1700526257.7813811,VRU_Child,37.495128631591804,0.68,-43.13646984100342,0.65,-2.000976830720901,1.08,88.85029358905183,000097
1700526257.881381,VRU_Child,36.845520973205566,0.68,-39.45971441268921,0.65,-1.8876713812351211,1.08,102.03488507829852,000098
1700526257.9813812,VRU_Child,39.0363416671753,0.68,-44.21007823944092,0.65,-1.8066222667694074,1.08,124.64282012995712,000099
1700526258.181381,VRU_Child,36.482764350043404,0.68,-36.073503494262695,0.65,-1.9617654350068823,1.08,-71.17212724702657,000101
1700526258.2813811,VRU_Child,37.91483942667643,0.68,-42.54644966125488,0.65,-2.215199530124663,1.08,26.787987670911445,000102
1700526258.581381,VRU_Child,39.035423278808594,0.68,-44.22550296783447,0.65,-1.8071399033069588,1.08,124.77379104436149,000105
1700526258.681381,VRU_Child,37.60750770568848,0.68,-42.76515483856201,0.65,-1.9876642823219293,1.08,-100.89215632186671,000106
1700526258.7813811,VRU_Child,37.75837469100953,0.68,-42.905417919158936,0.65,-2.3325821310281736,1.08,88.9502881992197,000107
1700526258.881381,VRU_Child,36.494436740875244,0.68,-35.788344383239746,0.65,-2.0806164443492876,1.08,-72.1559989782883,000108
1700526258.9813812,VRU_Child,37.86100769042969,0.68,-42.654120127360024,0.65,-2.2154491345087672,1.08,-70.64380094072129,000109
1700526259.181381,VRU_Child,36.04368654886882,0.68,-33.619748751322426,0.65,-1.6176135937372829,1.08,-73.9104364228194,000111
1700526259.2813811,VRU_Child,37.47825193405152,0.68,-38.96717643737793,0.65,-1.9748130589723583,1.08,100.64765962228056,000112
1700526259.381381,VRU_Child,37.76806131998698,0.68,-42.720554987589516,0.65,-2.3833314577738434,1.08,-74.08229319839683,000113
1700526259.681381,VRU_Child,37.78344599405924,0.68,-42.95528475443522,0.65,-2.112092614173888,1.08,77.46908169394165,000116
1700526259.7813811,VRU_Child,36.15030733744303,0.68,-36.090682665506996,0.65,-1.8956899444262172,1.08,-73.29736201864984,000117
1700526259.881381,VRU_Child,37.48039245605469,0.68,-42.685569763183594,0.65,-1.9026157855987536,1.08,-82.23745360495312,000118
1700526260.181381,VRU_Child,36.57735595703125,0.68,-37.44730682373047,0.65,-1.8069164752960183,1.08,101.06875248596891,000121
1700526260.381381,VRU_Child,34.88747914632162,0.68,-29.216132481892895,0.65,-1.7655002673467,1.08,157.2178002470911,000123
1700526260.581381,VRU_Child,17.396900177001953,0.68,25.917836507161457,0.65,-2.303558111190795,1.08,24.023615197220053,000125
1700526260.681381,VRU_Child,37.91953372955323,0.68,-43.05617427825928,0.65,-2.215524300932884,1.08,78.15233802077312,000126
1700526260.9813812,VRU_Child,39.21131362915039,0.68,-45.327519989013666,0.65,-2.30122776031494,1.08,51.328274521815786,000129
1700526261.081381,VRU_Child,37.84704717000326,0.68,-43.308528900146484,0.65,-2.0097912152608215,1.08,-151.29767631075373,000130
1700526261.2813811,VRU_Child,37.97088368733724,0.68,-42.752194086710624,0.65,-2.2238269845644623,1.08,13.256610448291552,000132
1700526261.581381,VRU_Child,37.91367848714193,0.68,-42.566148122151695,0.65,-2.103451927502949,1.08,28.256892549285524,000135
1700526261.881381,VRU_Child,37.51563034057617,0.68,-42.71000366210937,0.65,-2.0530544757843003,1.08,-83.39548740265823,000138
1700526262.081381,VRU_Child,37.97410202026367,0.68,-42.66594423566546,0.65,-2.283554758344376,1.08,30.158872770951863,000140
1700526262.2813811,VRU_Child,37.85435791015625,0.68,-42.88487319946289,0.65,-2.5988225936889635,1.08,88.76265481258166,000142
1700526262.381381,VRU_Child,35.589164733886726,0.68,-32.93769550323487,0.65,-1.6818726360797867,1.08,-74.24833732917665,000143
1700526262.4813812,VRU_Child,37.79651514689128,0.68,-42.68317413330078,0.65,-2.327217837174731,1.08,103.98547571394217,000144
1700526262.9813812,VRU_Child,38.067996215820315,0.68,-43.070516967773436,0.65,-2.477297711372375,1.08,37.85748173124883,000149
1700526263.2813811,VRU_Child,37.64267883300782,0.68,-42.62127685546875,0.65,-2.0537755012512187,1.08,-91.82723920866852,000152
1700526263.381381,VRU_Child,35.62508850097657,0.68,-31.50942459106445,0.65,-1.6002434730529767,1.08,117.77219601938214,000153
1700526263.581381,VRU_Child,36.08858278062608,0.68,-35.735747231377495,0.65,-2.194570210244919,1.08,-73.56121734584585,000155
1700526263.681381,VRU_Child,38.8261833190918,0.68,-43.80530786514282,0.65,-2.214236542582511,1.08,110.83823563323104,000156
1700526264.081381,VRU_Child,36.316008567810066,0.68,-34.06965637207031,0.65,-1.7384810149669634,1.08,-65.96484674879716,000160
1700526264.181381,VRU_Child,37.75873947143555,0.68,-42.3232946395874,0.65,-2.1486074030399305,1.08,-57.50307928403337,000161
1700526264.881381,VRU_Child,37.9411563873291,0.68,-42.72263145446777,0.65,-2.2427997887134534,1.08,-88.37085482153168,000168
1700526264.9813812,VRU_Child,36.88113784790039,0.68,-36.41623306274414,0.65,-1.7342209021250392,1.08,-68.02039184344204,000169
1700526265.081381,VRU_Child,37.60409273420062,0.68,-39.004387446812224,0.65,-2.0263118914195455,1.08,98.48102961818724,000170
1700526265.4813812,VRU_Child,35.61271286010743,0.68,-34.06297810872396,0.65,-1.6149301926294946,1.08,-73.44171045897326,000174
1700526265.881381,VRU_Child,36.487350463867195,0.68,-34.893152475357056,0.65,-1.7108045369386666,1.08,-68.62166237817817,000178
1700526265.9813812,VRU_Child,37.93783378601075,0.68,-42.744165420532234,0.65,-2.334838906923928,1.08,-74.19033259063346,000179
1700526266.2813811,VRU_Child,39.97458902994793,0.68,-42.57550811767579,0.65,-1.9239857991536444,1.08,-87.88461337793902,000182
1700526266.681381,VRU_Child,35.90806452433269,0.68,-33.52434762318929,0.65,-1.6118783950805649,1.08,-72.7746769280715,000186
1700526267.081381,VRU_Child,38.435230890909835,0.68,-43.18407694498698,0.65,-2.132165610790252,1.08,8.903360980698178,000190
1700526267.181381,VRU_Child,37.6108144124349,0.68,-42.36127726236979,0.65,-1.9816725254058818,1.08,-56.07745908255233,000191
1700526267.381381,VRU_Child,38.32612555367607,0.68,-43.3757574898856,0.65,-2.26876676082611,1.08,-69.62539068990637,000193
1700526267.581381,VRU_Child,35.58621724446615,0.68,-31.54463386535644,0.65,-1.6555669705073026,1.08,117.83330014058436,000195
1700526267.681381,VRU_Child,37.765564600626625,0.68,-42.68988355000814,0.65,-2.3822461167971274,1.08,-74.79945953424178,000196
1700526267.7813811,VRU_Child,35.90607779366629,0.68,-32.19575500488281,0.65,-1.8914395570754994,1.08,111.6463691649026,000197
1700526268.081381,VRU_Child,39.44777170817058,0.68,-42.83230209350586,0.65,-1.8054513136545802,1.08,-167.55648044245146,000200
1700526268.2813811,VRU_Child,38.07687187194824,0.68,-42.910884857177734,0.65,-2.282670577367145,1.08,26.89597381350323,000202
1700526268.4813812,VRU_Child,36.84077529907226,0.68,-34.80868225097656,0.65,-1.8061523914337143,1.08,-63.52874200470138,000204
1700526268.581381,VRU_Child,38.842036437988284,0.68,-44.04706954956055,0.65,-1.9157157659530621,1.08,125.69561850127755,000205
1700526268.681381,VRU_Child,37.95019607543945,0.68,-40.71037998199463,0.65,-1.9785322070121762,1.08,102.71073072935214,000206
1700526268.7813811,VRU_Child,37.61570434570312,0.68,-43.15811538696289,0.65,-2.4016986131668077,1.08,91.05552133573313,000207
1700526268.881381,VRU_Child,37.60265121459961,0.68,-42.75421981811523,0.65,-1.921251535415648,1.08,-110.76446540101281,000208
1700526268.9813812,VRU_Child,37.735940933227546,0.68,-42.307512283325195,0.65,-2.1471998393535596,1.08,-59.518110517273534,000209
1700526269.081381,VRU_Child,37.13129588535855,0.68,-38.90305137634277,0.65,-1.8640692744936247,1.08,101.80693030728624,000210
1700526269.181381,VRU_Child,37.457323710123696,0.68,-42.88943354288737,0.65,-1.771833380063373,1.08,86.08432907974117,000211
1700526269.2813811,VRU_Child,38.38945770263672,0.68,-42.67087936401367,0.65,-2.07306659221649,1.08,164.3351276097266,000212
1700526269.381381,VRU_Child,37.86397933959961,0.68,-42.771732330322266,0.65,-2.06134021282196,1.08,25.54076315286637,000213
1700526269.4813812,VRU_Child,38.63113212585449,0.68,-42.98947238922119,0.65,-2.1095236539840685,1.08,-38.99814352758812,000214
1700526269.9813812,VRU_Child,37.90962346394857,0.68,-42.5563538869222,0.65,-2.1028274099032074,1.08,29.49912931092127,000219
1700526270.2813811,VRU_Child,38.0008053249783,0.68,-41.946844736735024,0.65,-2.1299200720257216,1.08,98.41589161321508,000222
1700526270.381381,VRU_Child,28.491515350341803,0.68,-10.114583969116211,0.65,-1.954119277000426,1.08,106.72886761104849,000223
1700526270.4813812,VRU_Child,37.78477096557617,0.68,-42.67662111918133,0.65,-2.326927185058592,1.08,-68.8921272830363,000224
1700526270.681381,VRU_Child,37.61747360229492,0.68,-42.410603841145836,0.65,-1.9827270905176784,1.08,-55.919229162536624,000226
1700526270.7813811,VRU_Child,37.72678604125977,0.68,-42.60459823608399,0.65,-2.25630633831024,1.08,-75.92795072551871,000227
1700526271.2813811,VRU_Child,38.45258246527778,0.68,-43.71506712171767,0.65,-2.1836774084303103,1.08,-58.59464031135257,000232
1700526271.681381,VRU_Child,37.81440680367606,0.68,-42.61675262451172,0.65,-2.0391270433153417,1.08,128.5329567649071,000236
1700526271.7813811,VRU_Child,35.74212392171224,0.68,-34.30396842956543,0.65,-1.510526498158771,1.08,-71.60917921186788,000237
1700526272.181381,VRU_Child,37.69595489501953,0.68,-38.75694885253906,0.65,-2.1005467653274534,1.08,102.49204095042732,000241
1700526272.2813811,VRU_Child,38.202140808105476,0.68,-42.82382583618164,0.65,-1.9452703793843569,1.08,5.0205787010070795,000242
1700526272.381381,VRU_Child,37.72181701660157,0.68,-42.76957321166992,0.65,-1.9266237258911123,1.08,102.65874373375199,000243
1700526272.581381,VRU_Child,37.788812255859376,0.68,-43.00131454467773,0.65,-2.2672182321548444,1.08,77.85456830967978,000245
1700526273.081381,VRU_Child,38.11948331197103,0.68,-42.81234296162924,0.65,-2.0595033168792702,1.08,23.945918181849667,000250
1700526273.381381,VRU_Child,39.4204444885254,0.68,-45.20185089111328,0.65,-2.180120795965193,1.08,67.72849527140944,000253
1700526273.4813812,VRU_Child,37.013509114583336,0.68,-37.01747258504232,0.65,-1.9693033695220932,1.08,-78.07538953536698,000254
1700526273.7813811,VRU_Child,37.68050956726074,0.68,-39.48031107584635,0.65,-1.9763727784156782,1.08,101.16092266851786,000257
1700526274.081381,VRU_Child,37.67468134562174,0.68,-42.91135279337565,0.65,-1.939730465412139,1.08,90.28520844520511,000260
1700526274.2813811,VRU_Child,35.920860290527344,0.68,-32.43318830217634,0.65,-1.8575360774993885,1.08,112.81429391042545,000262
1700526274.4813812,VRU_Child,37.55672073364258,0.68,-42.63011856079102,0.65,-1.9818643808364869,1.08,-85.79206363921563,000264
1700526274.581381,VRU_Child,37.712511335100444,0.68,-42.85547637939453,0.65,-2.2343041045325127,1.08,86.2200129623785,000265
1700526274.9813812,VRU_Child,37.7640495300293,0.68,-42.70009994506836,0.65,-2.382955531279244,1.08,100.20195298901447,000269
1700526275.181381,VRU_Child,37.06052684783936,0.68,-38.623501777648926,0.65,-1.7882114946842187,1.08,97.16505290219615,000271
1700526275.381381,VRU_Child,38.8903398513794,0.68,-43.083961486816406,0.65,-1.772474288940428,1.08,-155.188433483273,000273
1700526275.4813812,VRU_Child,36.152364095052086,0.68,-34.87666320800782,0.65,-1.626923044522601,1.08,-71.93291351637737,000274
1700526275.881381,VRU_Child,37.123403722589664,0.68,-38.049944097345524,0.65,-1.9147137078371907,1.08,100.95399649642039,000278
1700526275.9813812,VRU_Child,37.93615177699498,0.68,-42.652710505894255,0.65,-2.233954259327479,1.08,-136.55995619320493,000279
1700526276.581381,VRU_Child,36.85682392120361,0.68,-36.30347561836243,0.65,-1.7894107103347765,1.08,-70.35859233559353,000285
1700526276.681381,VRU_Child,37.749439784458716,0.68,-42.82684435163225,0.65,-2.0419342688151745,1.08,-91.27994721796162,000286
1700526276.9813812,VRU_Child,37.585530090332036,0.68,-42.5694091796875,0.65,-2.050327920913695,1.08,-92.33427020469065,000289
1700526277.681381,VRU_Child,35.5552609761556,0.68,-31.535328547159825,0.65,-1.6547523736953742,1.08,117.6315886467607,000296
1700526277.881381,VRU_Child,37.94890921456474,0.68,-42.67725263323103,0.65,-2.235217213630675,1.08,-138.09626990418133,000298
1700526277.9813812,VRU_Child,37.83032417297363,0.68,-42.87897205352783,0.65,-2.2075079232454287,1.08,89.73883370709109,000299
1700526278.081381,VRU_Child,37.51675542195638,0.68,-42.971988677978516,0.65,-1.7747731606165562,1.08,87.20741539143874,000300
1700526278.381381,VRU_Child,35.738759517669685,0.68,-33.51699090003967,0.65,-1.6840249449014653,1.08,-71.19590614452733,000303
1700526278.581381,VRU_Child,35.522080739339195,0.68,-32.36606534322103,0.65,-1.75888689359029,1.08,-72.98011333851926,000305
1700526280.2813811,Passenger_Vehicle,11.295291370815702,2.6,23.20295672946506,5.08,-3.957468390464782,1.85,112.75082427021906,000322
1700526280.4813812,Passenger_Vehicle,11.694545974731447,2.6,22.559575881958008,5.08,-3.610869359970092,1.85,105.48423493649841,000324
1700526280.681381,Passenger_Vehicle,10.843867778778083,2.6,23.30640840530395,5.08,-3.9993732869625083,1.85,98.31296092748164,000326
1700526280.7813811,Passenger_Vehicle,11.728516737620039,2.6,21.0926886399587,5.08,-4.0251556634902945,1.85,114.39851252918878,000327
1700526280.9813812,VRU_Child,34.59605153401693,0.68,-29.3629576365153,0.65,-1.6721970637639352,1.08,-42.212175261388296,000329
1700526281.2813811,Passenger_Vehicle,12.148636460304264,2.6,16.876487255096436,5.08,-4.138504832983016,1.85,111.5782003213535,000332
1700526281.681381,Passenger_Vehicle,12.686625994168802,2.6,14.774527036226713,5.08,-3.9542147563054,1.85,110.0871225737538,000336
1700526282.181381,Passenger_Vehicle,13.274126052856447,2.6,11.820619470932902,5.08,-3.7119406952577476,1.85,108.45731471904293,000341
1700526282.2813811,Passenger_Vehicle,13.458661692483087,2.6,10.934329645974296,5.08,-3.695389628410339,1.85,109.71462018411003,000342
1700526282.4813812,VRU_Child,37.84112421671549,0.68,-42.4004249572754,0.65,-2.0987915992736794,1.08,-62.94478930430579,000344
1700526282.881381,Passenger_Vehicle,14.415985830898945,2.6,7.85568802932213,5.08,-3.5364377498626705,1.85,102.10815539661571,000348
1700526282.881381,VRU_Child,37.66181468963624,0.68,-39.0024299621582,0.65,-2.086452096700667,1.08,-72.34358523650235,000348
1700526283.081381,Passenger_Vehicle,14.422718192591814,2.6,6.332704399571273,5.08,-3.7319761189547447,1.85,93.75501864195215,000350
1700526283.081381,VRU_Child,34.89628346761068,0.68,-29.23469161987305,0.65,-1.7660820484161366,1.08,156.31315430627967,000350
1700526283.181381,Passenger_Vehicle,14.584875557157732,2.6,5.903909683227538,5.08,-3.589333130253685,1.85,95.56901898124923,000351
1700526284.681381,Passenger_Vehicle,14.627332346779964,2.6,-2.1280510382992945,5.08,-3.2447274242128645,1.85,-110.24525230225373,000366
1700526284.7813811,Passenger_Vehicle,14.878891541407661,2.6,-2.7113319497842117,5.08,-3.4169358565257144,1.85,-104.27000713786128,000367
1700526284.881381,Passenger_Vehicle,14.84615329106649,2.6,-3.0579511205355385,5.08,-3.445518207550049,1.85,86.82983964153121,000368
1700526284.881381,VRU_Child,13.317053826649987,0.68,-4.310846155881886,0.65,-3.519818250338236,1.08,-130.5709525223801,000368
1700526284.9813812,Passenger_Vehicle,14.719934585766918,2.6,-3.440168178998512,5.08,-3.578631633367294,1.85,83.53948867595105,000369
1700526285.081381,Passenger_Vehicle,14.72635815938314,2.6,-3.780459287431508,5.08,-3.6592908488379585,1.85,-104.04225582687138,000370
1700526285.181381,Passenger_Vehicle,14.508727203715933,2.6,-3.985372884707022,5.08,-3.543662217530337,1.85,-103.87225656636167,000371
1700526285.2813811,Passenger_Vehicle,14.337628225000897,2.6,-4.566380064661913,5.08,-3.6079541415703007,1.85,-105.2309445714202,000372
1700526285.381381,Passenger_Vehicle,14.169567688651709,2.6,-4.526537957398791,5.08,-3.592435727948728,1.85,-107.64297693920815,000373
1700526285.4813812,Passenger_Vehicle,14.255125439685326,2.6,-5.107317416564282,5.08,-3.643773182578709,1.85,-107.13406750535361,000374
1700526285.581381,Passenger_Vehicle,13.946854675517365,2.6,-5.485607588992403,5.08,-3.6581027297412647,1.85,-103.37425947205276,000375
1700526285.681381,Passenger_Vehicle,13.752225102605047,2.6,-5.729904935166647,5.08,-3.503299874228401,1.85,-107.20352085351286,000376
1700526285.7813811,Passenger_Vehicle,13.675506393864472,2.6,-5.760992913875943,5.08,-3.5936700128159433,1.85,-108.18721945553142,000377
1700526285.881381,Passenger_Vehicle,13.475862569587179,2.6,-5.905207645061408,5.08,-3.554351257723432,1.85,-113.91137445810375,000378
1700526285.9813812,Passenger_Vehicle,13.558686780257965,2.6,-6.188772423166626,5.08,-3.3296780754143085,1.85,-117.06714360179112,000379
1700526286.081381,Passenger_Vehicle,13.365344805595205,2.6,-6.264549414316817,5.08,-3.5303160777458777,1.85,-119.417458088379,000380
1700526286.181381,Passenger_Vehicle,13.009438514709474,2.6,-6.609225244233106,5.08,-3.626388853246516,1.85,-115.37214132875266,000381
1700526286.2813811,Passenger_Vehicle,12.839202636327501,2.6,-6.950628781929997,5.08,-3.667314425492898,1.85,-119.80124342668407,000382
1700526286.381381,Passenger_Vehicle,12.890051516619598,2.6,-6.995518565177921,5.08,-3.559818972240795,1.85,-120.49184712841122,000383
1700526286.4813812,Passenger_Vehicle,12.884756487469343,2.6,-7.239525151807211,5.08,-3.692225312077722,1.85,-122.24212984168946,000384
1700526286.581381,Passenger_Vehicle,12.479656881756254,2.6,-7.361134171485904,5.08,-3.6048194302452945,1.85,-121.1416115979481,000385
1700526286.581381,Passenger_Vehicle,12.817889944712325,2.6,-7.112352673212689,5.08,-3.5553215026855463,1.85,-112.15076390334411,000385
1700526286.681381,Passenger_Vehicle,12.812662899494173,2.6,-7.364479720592501,5.08,-3.4905768632888794,1.85,-125.39146884625248,000386
1700526286.681381,Passenger_Vehicle,12.56540998390743,2.6,-7.58479654788971,5.08,-3.4491172007152007,1.85,-124.97260728077379,000386
1700526286.7813811,Passenger_Vehicle,12.800376805392181,2.6,-7.297500081495809,5.08,-3.4611982952464713,1.85,-129.43832443421354,000387
1700526286.7813811,Passenger_Vehicle,12.233293841866887,2.6,-7.707027631647448,5.08,-3.462848172468297,1.85,-121.40742693410445,000387
1700526286.7813811,Passenger_Vehicle,13.465274006128313,2.6,-6.698970854282381,5.08,-3.5066675096750255,1.85,93.3598147580978,000387
1700526286.7813811,VRU_Child,37.67213726043701,0.68,-39.014676094055176,0.65,-2.0871615111827833,1.08,-72.21060590290108,000387
1700526286.881381,Passenger_Vehicle,12.732142508976045,2.6,-7.446392127445768,5.08,-3.4320482185908725,1.85,-129.7488028729418,000388
1700526286.881381,Passenger_Vehicle,12.139833450317385,2.6,-7.85832327604294,5.08,-3.4691304862499233,1.85,-118.49281208535524,000388
1700526286.9813812,Passenger_Vehicle,12.599147397821602,2.6,-7.6305947997353325,5.08,-3.473672784458507,1.85,-130.10148408484733,000389
1700526287.081381,Passenger_Vehicle,12.65045998646663,2.6,-7.443681506010206,5.08,-3.529170728646792,1.85,-128.46754853796668,000390
1700526287.181381,Passenger_Vehicle,12.201839772666375,2.6,-7.814853400718878,5.08,-3.6722113155737155,1.85,-130.15570198386453,000391
1700526287.2813811,Passenger_Vehicle,11.930495210596035,2.6,-8.015343704739136,5.08,-3.6140167262103104,1.85,-129.06595010178543,000392
1700526287.381381,Passenger_Vehicle,12.114742023188894,2.6,-7.904094858867371,5.08,-3.613881430974821,1.85,-129.87163183746148,000393
1700526287.381381,Passenger_Vehicle,10.908337640762333,2.6,-8.934633493423465,5.08,-3.970729207992553,1.85,64.81358067020142,000393
1700526287.4813812,Passenger_Vehicle,11.91866490779779,2.6,-7.887133989578642,5.08,-3.439004781918648,1.85,-128.97026705660977,000394
1700526287.581381,Passenger_Vehicle,12.064924091762968,2.6,-7.998029931386315,5.08,-3.5199945502811008,1.85,-131.4456576376508,000395
1700526287.681381,Passenger_Vehicle,11.780415712400927,2.6,-7.998807918193731,5.08,-3.4870893123537994,1.85,-133.61869798616488,000396
1700526287.7813811,Passenger_Vehicle,11.862170450615164,2.6,-7.966323693593348,5.08,-3.535804083853057,1.85,-133.45881738453107,000397
1700526287.881381,Passenger_Vehicle,10.826460393269862,2.6,-8.350196997324629,5.08,-3.7376919428507476,1.85,-116.12340498667865,000398
1700526287.881381,Passenger_Vehicle,11.591267623901372,2.6,-8.056717262268071,5.08,-3.640992908477783,1.85,-135.53821857770615,000398
1700526287.9813812,Passenger_Vehicle,11.494958417168982,2.6,-8.220436918324442,5.08,-3.712123015831257,1.85,-131.09212173893386,000399
1700526287.9813812,Passenger_Vehicle,10.438939049130399,2.6,-8.869110902150478,5.08,-3.790898470651535,1.85,65.36665625749114,000399
1700526288.081381,Passenger_Vehicle,11.60364784240723,2.6,-8.162948703765874,5.08,-3.761925678253174,1.85,-127.13550227929045,000400
1700526288.081381,Passenger_Vehicle,10.460670948028568,2.6,-8.766559945212473,5.08,-3.8125544918908005,1.85,57.90016742299183,000400
1700526288.181381,Passenger_Vehicle,11.546401468912764,2.6,-8.126534239451097,5.08,-3.8064818143844605,1.85,-132.8118797150928,000401
1700526288.181381,Passenger_Vehicle,10.422368240356453,2.6,-8.869867579142255,5.08,-3.8988320668538408,1.85,57.64417541187437,000401
1700526288.2813811,Passenger_Vehicle,11.272711392106682,2.6,-8.326008878905201,5.08,-3.827085552544429,1.85,-128.30801842106223,000402
1700526288.2813811,Passenger_Vehicle,10.20286509569954,2.6,-9.154794356402233,5.08,-3.9069460139555083,1.85,65.09169700874884,000402
1700526288.381381,Passenger_Vehicle,11.351846841665417,2.6,-8.356295952430143,5.08,-3.8700814613929166,1.85,-127.95899279068828,000403
1700526288.4813812,Passenger_Vehicle,11.062764534583462,2.6,-8.39527190037263,5.08,-3.693055189572848,1.85,-127.49380996283767,000404
1700526288.4813812,Passenger_Vehicle,10.412912258735075,2.6,-8.821946437542255,5.08,-3.7429614067077632,1.85,62.53383031001339,000404
1700526288.581381,Passenger_Vehicle,11.030129340387164,2.6,-8.559352074899987,5.08,-3.665611997727425,1.85,-133.38818594213936,000405
1700526288.581381,Passenger_Vehicle,10.52163104216258,2.6,-8.921864410241447,5.08,-3.6988639732201887,1.85,50.06863021232665,000405
1700526288.681381,Passenger_Vehicle,11.174802584525867,2.6,-8.563646475474043,5.08,-3.6419131878094797,1.85,-140.40461090188404,000406
1700526288.7813811,Passenger_Vehicle,10.976894158583423,2.6,-8.522864280602874,5.08,-3.5857939536754904,1.85,-137.9775930922145,000407
1700526288.7813811,Passenger_Vehicle,10.274200227525505,2.6,-9.096183935801195,5.08,-3.6497537427478357,1.85,58.13748034383373,000407
1700526288.881381,Passenger_Vehicle,10.690892696380617,2.6,-8.778026091425046,5.08,-3.6351837296234932,1.85,-144.38968428735274,000408
1700526288.881381,Passenger_Vehicle,10.053826359340125,2.6,-9.265710217612131,5.08,-3.793271848133631,1.85,60.84190117822699,000408
1700526288.881381,Passenger_Vehicle,11.65161770040339,2.6,-8.371133392507382,5.08,-3.78118103200739,1.85,109.26863738303283,000408
1700526288.9813812,Passenger_Vehicle,10.755059795994915,2.6,-8.623611081031065,5.08,-3.7329479571311706,1.85,-134.26410228979978,000409
1700526288.9813812,Passenger_Vehicle,9.885499273027694,2.6,-9.310362066541401,5.08,-3.7718457835061203,1.85,42.17840396314651,000409
1700526289.081381,Passenger_Vehicle,10.209923874248162,2.6,-8.754032069986524,5.08,-3.6162538420070303,1.85,-129.2300920872583,000410
1700526289.181381,Passenger_Vehicle,10.198696414629621,2.6,-8.982319494088495,5.08,-3.6707678536574044,1.85,-137.89808138897195,000411
1700526289.2813811,Passenger_Vehicle,10.167643519810271,2.6,-9.161063507625038,5.08,-3.8111606325422014,1.85,-136.56934662325995,000412
1700526289.381381,Passenger_Vehicle,9.813896989822391,2.6,-9.348816692829136,5.08,-3.8222915887832642,1.85,-140.02325000087114,000413
1700526289.4813812,Passenger_Vehicle,8.813430875539783,2.6,-9.187615066766744,5.08,-3.6070902198553085,1.85,-122.30501491499507,000414
1700526289.4813812,Passenger_Vehicle,10.250613761670666,2.6,-9.123780987479474,5.08,-3.8727541620081123,1.85,-114.83031824621179,000414
1700526289.4813812,VRU_Child,37.41371154785156,0.68,-36.73798624674479,0.65,-1.8547407388687116,1.08,-68.06020687405396,000414
1700526289.581381,Passenger_Vehicle,9.652224737055164,2.6,-9.437612575643206,5.08,-3.809936425265145,1.85,-141.08208146365612,000415
1700526289.581381,Passenger_Vehicle,7.574245143581084,2.6,-10.501897064415186,5.08,-3.715746170765644,1.85,62.24708263818547,000415
1700526289.681381,Passenger_Vehicle,9.441412463332671,2.6,-9.501341993158519,5.08,-3.9409783753481777,1.85,-138.73663103415532,000416
1700526289.681381,Passenger_Vehicle,7.286739763460664,2.6,-10.504775273172479,5.08,-3.716886219225431,1.85,72.39765657978963,000416
1700526289.7813811,Passenger_Vehicle,9.156199027752056,2.6,-9.63913279566272,5.08,-4.011462622675403,1.85,-137.89436213387984,000417
1700526289.7813811,Passenger_Vehicle,7.373392780621853,2.6,-10.223483721415207,5.08,-3.7105930646260568,1.85,47.03274576112025,000417
1700526289.881381,Passenger_Vehicle,8.391616106033329,2.6,-9.822515630722052,5.08,-3.783737289905549,1.85,-133.28161397328273,000418
1700526289.881381,Passenger_Vehicle,7.3356864356994675,2.6,-10.444702072143555,5.08,-3.8597947597503657,1.85,42.06869516356498,000418
1700526289.9813812,Passenger_Vehicle,8.069726907289953,2.6,-9.772951492896455,5.08,-3.574349861878616,1.85,-128.40231768369597,000419
1700526289.9813812,Passenger_Vehicle,7.128038209060144,2.6,-10.250738275462183,5.08,-3.6217887894860623,1.85,51.665317788861984,000419
1700526290.081381,Passenger_Vehicle,7.996792422400588,2.6,-9.956745677524152,5.08,-3.6722401512993716,1.85,-122.24639675632895,000420
1700526290.081381,Passenger_Vehicle,7.402783155441288,2.6,-9.85824163754781,5.08,-3.560886243979135,1.85,-142.73633838473634,000420
1700526290.181381,Passenger_Vehicle,7.697352766990666,2.6,-10.004993557929998,5.08,-3.7778831124305725,1.85,-127.1652891903081,000421
1700526290.181381,Passenger_Vehicle,6.7772824539328544,2.6,-10.084382650987157,5.08,-3.5526361285515544,1.85,24.281972248799562,000421
1700526290.2813811,Passenger_Vehicle,7.218999743461616,2.6,-10.036615848541265,5.08,-3.8022628426551823,1.85,-118.38278587836868,000422
1700526290.2813811,Passenger_Vehicle,6.493366796759112,2.6,-9.91718796838688,5.08,-3.427508471887322,1.85,30.92989311319282,000422
1700526290.381381,Passenger_Vehicle,7.202485359632059,2.6,-9.904808227832506,5.08,-3.7314635056715746,1.85,-109.1394312056394,000423
1700526290.381381,Passenger_Vehicle,6.440661675221213,2.6,-9.783325581937223,5.08,-3.4044778443671557,1.85,-162.3904002860049,000423
1700526290.4813812,Passenger_Vehicle,6.872036298116054,2.6,-10.021484269036193,5.08,-3.778838696303191,1.85,-98.82766324871403,000424
1700526290.4813812,Passenger_Vehicle,6.280521469731487,2.6,-9.837985454067107,5.08,-3.434386261047855,1.85,-0.6874775109818829,000424
1700526290.581381,Passenger_Vehicle,6.531410134356961,2.6,-10.185343535050109,5.08,-4.051360669343368,1.85,67.83803648517208,000425
1700526290.581381,Passenger_Vehicle,6.218891837380153,2.6,-9.93034360625527,5.08,-3.627893393689935,1.85,132.25530624818916,000425
1700526290.581381,Passenger_Vehicle,4.821947988710909,2.6,-10.315113594657497,5.08,-3.189842713506598,1.85,-119.4168900980232,000425
1700526290.681381,Passenger_Vehicle,5.8508570790290895,2.6,-9.862832427024843,5.08,-3.6996942758560176,1.85,-96.99556302010203,000426
1700526290.681381,Passenger_Vehicle,4.491738955179856,2.6,-10.351516723632814,5.08,-3.1640074451764417,1.85,38.45902890616781,000426
1700526290.7813811,Passenger_Vehicle,4.2088186307386986,2.6,-10.31017468192361,5.08,-3.1601680192080397,1.85,-140.24935654402876,000427
1700526290.881381,Passenger_Vehicle,3.76385793966406,2.6,-10.312450408935547,5.08,-3.434744315988876,1.85,169.03018426555082,000428
1700526290.9813812,Passenger_Vehicle,3.3457695072347517,2.6,-10.703101747686214,5.08,-3.3501009550961576,1.85,166.98513771709491,000429
1700526291.081381,Passenger_Vehicle,2.7494310350979134,2.6,-10.375548783470602,5.08,-3.566878388909732,1.85,146.3829183532575,000430
1700526291.2813811,Passenger_Vehicle,1.5231150814465175,2.6,-10.048155784606937,5.08,-4.093773467200142,1.85,4.206048071476943,000432
1700526291.381381,Passenger_Vehicle,1.1904368364130722,2.6,-10.040635108947756,5.08,-3.9992553047511876,1.85,169.58820621175332,000433
1700526291.381381,Passenger_Vehicle,-0.9625186249613694,2.6,-9.976792335510261,5.08,-4.392296830813089,1.85,-94.59815213362941,000433
1700526291.581381,Passenger_Vehicle,0.05607522318238269,2.6,-9.930558857164888,5.08,-4.225340291073447,1.85,174.95326290839165,000435
1700526291.9813812,Passenger_Vehicle,-1.4619702885025345,2.6,-9.675250555339618,5.08,-4.356865330746299,1.85,-91.2264094330686,000439
1700526291.9813812,VRU_Child,38.11140314737957,0.68,-42.31599553426107,0.65,-2.430564006169635,1.08,-83.03364753495092,000439
1700526293.9813812,VRU_Child,37.83460998535158,0.68,-42.63089294433594,0.65,-1.7927826404571523,1.08,-24.8869219354014,000459
1700526294.2813811,VRU_Child,35.62595901489258,0.68,-31.472576522827147,0.65,-1.5992619037628164,1.08,117.39221929718556,000462
1700526294.7813811,VRU_Child,34.57808049519857,0.68,-29.338825861612957,0.65,-1.6712275346120193,1.08,-42.80083841219932,000467
1700526295.181381,VRU_Child,37.154998779296875,0.68,-38.63522872924805,0.65,-1.819627571105956,1.08,97.82703422356406,000471
1700526295.681381,VRU_Child,37.559476852417,0.68,-42.62544314066569,0.65,-2.0977035959561654,1.08,-84.03989139087571,000476
1700526295.9813812,VRU_Child,37.22381362915039,0.68,-37.840477752685544,0.65,-1.6543187856674184,1.08,106.29180454451291,000479
1700526296.081381,VRU_Child,37.91851933797201,0.68,-42.648797353108726,0.65,-2.3854061166445404,1.08,116.43696521388962,000480
1700526296.2813811,VRU_Child,35.61925633748373,0.68,-34.071791330973305,0.65,-1.615302443504331,1.08,-73.46939203480119,000482
1700526296.7813811,VRU_Child,38.37500381469727,0.68,-43.289795875549316,0.65,-1.84992268681526,1.08,12.496264371378006,000487
1700526297.2813811,VRU_Child,37.90261586507162,0.68,-42.63796424865723,0.65,-2.384560803572336,1.08,116.61566214811621,000492
1700526297.681381,VRU_Child,38.61823196411133,0.68,-42.64011230468749,0.65,-2.138894605636596,1.08,-7.237622173991731,000496
1700526297.881381,VRU_Child,35.4670213063558,0.68,-31.142934481302902,0.65,-1.5976945559183744,1.08,-56.562312428133666,000498
1700526298.581381,VRU_Child,34.86033630371094,0.68,-29.1966609954834,0.65,-1.764259497324625,1.08,157.63547690327226,000505
1700526298.7813811,VRU_Child,38.062989234924316,0.68,-41.125144481658936,0.65,-1.5503152608871449,1.08,106.26058119829658,000507
1700526298.881381,VRU_Child,37.762533569335936,0.68,-42.86350784301757,0.65,-2.198819446563719,1.08,-94.0764735114791,000508
1700526299.081381,VRU_Child,37.55296834309897,0.68,-42.99006779988607,0.65,-2.103366772333779,1.08,86.96930992957432,000510
1700526299.4813812,VRU_Child,37.50804061889649,0.68,-42.70291595458984,0.65,-2.052882075309752,1.08,-82.13309760967022,000514
1700526299.9813812,VRU_Child,37.0805524190267,0.68,-37.96627934773763,0.65,-1.8529635137981824,1.08,103.61151350667319,000519
1700526300.081381,VRU_Child,37.07615407307943,0.68,-37.28131866455078,0.65,-1.9783591429392482,1.08,-74.84436970984015,000520
1700526300.2813811,VRU_Child,38.2990697224935,0.68,-40.85128084818522,0.65,-1.6315079132715857,1.08,106.69906930302896,000522
1700526300.881381,VRU_Child,34.600081125895194,0.68,-29.362333933512378,0.65,-1.6723365783691388,1.08,-42.61834286372779,000528
1700526300.9813812,VRU_Child,37.975804328918464,0.68,-40.140013217926025,0.65,-1.9081956446170791,1.08,103.42741230412436,000529
1700526301.181381,VRU_Child,35.85110664367676,0.68,-31.98632431030273,0.65,-1.6019847691059088,1.08,118.89493560032275,000531
1700526301.581381,VRU_Child,39.5961151123047,0.68,-44.982818603515625,0.65,-1.9735840161641418,1.08,91.22689746178175,000535
1700526301.9813812,VRU_Child,37.873397827148445,0.68,-43.257941246032715,0.65,-2.2610386908054343,1.08,-155.00681215669303,000539
1700526302.2813811,VRU_Child,37.68493576049805,0.68,-42.58293762207031,0.65,-2.254072904586791,1.08,-81.28676174250285,000542
1700526302.9813812,VRU_Child,36.56182225545248,0.68,-35.77172978719076,0.65,-1.4778306484222394,1.08,-75.91835336468046,000549
1700526303.081381,VRU_Child,37.6325798034668,0.68,-42.829681396484375,0.65,-2.1280361652374253,1.08,97.98149290737378,000550
