Timestamps,subclass,x_center,x_length,y_center,y_length,z_center,z_length,z_rotation
1701742423.365777,VRU_Adult_Using_Bicycle,11.38928365707398,0.96,-2.705004930496222,1.64,-3.643096864223481,1.65,-123.77538079975437
1701742423.465777,VRU_Adult_Using_Bicycle,11.535459995269782,0.96,-2.544177532196051,1.64,-3.454711715380352,1.65,-109.14417482157691
1701742423.5657768,VRU_Adult_Using_Bicycle,11.346663157145189,0.96,-2.750653266906745,1.64,-3.7479689915974945,1.65,-121.58724091695194
1701742423.5657768,VRU_Adult,37.67861366271973,0.83,-43.60089588165283,0.75,-2.6003660559654223,1.59,23.500268871323858
1701742423.665777,VRU_Adult_Using_Bicycle,11.495771884918216,0.96,-2.574278622865684,1.64,-3.4935205876827244,1.65,56.903478757331854
1701742423.7657769,VRU_Adult,11.399806499481207,0.83,-2.7001274824142527,0.75,-3.6383889317512517,1.59,-121.83159659045927
1701742423.865777,VRU_Adult,11.48455142974854,0.83,-2.6102701028188133,0.75,-3.4841178258260093,1.59,69.78261432935575
1701742423.865777,VRU_Adult,38.62921333312988,0.83,-43.33413219451904,0.75,-2.617551147937772,1.59,-161.1396187756317
1701742423.965777,VRU_Adult,37.72618187798395,0.83,-41.55310355292426,0.75,-2.894813656806944,1.59,99.80114496932508
1701742424.165777,VRU_Adult,11.514354705810554,0.83,-2.5532329082489076,0.75,-3.572470247745514,1.59,66.62520938237361
1701742424.2657769,VRU_Adult_Using_Bicycle,11.394233703613288,0.96,-2.666038513183601,1.64,-3.7790270447731027,1.65,-118.98535112298725
1701742424.2657769,VRU_Adult,38.732614789690295,0.83,-43.059819902692524,0.75,-2.4520011459078077,1.59,-159.8610672514305
1701742424.365777,VRU_Adult_Using_Bicycle,11.483419100443527,0.96,-2.630047082901008,1.64,-3.48476505279541,1.65,72.11318048721128
1701742424.365777,VRU_Adult,37.150870186941965,0.83,-37.75836617606028,0.75,-2.0850258554731083,1.59,100.17439044346307
1701742424.465777,VRU_Adult,37.919411182403564,0.83,-41.40689420700073,0.75,-2.8909870684146854,1.59,100.47924696280062
1701742424.665777,VRU_Adult_Using_Bicycle,11.396531820297245,0.96,-2.664128065109259,1.64,-3.777639627456666,1.65,-119.76249618003612
1701742424.7657769,VRU_Adult,38.12963638305664,0.83,-43.23327865600586,0.75,-2.884352684020995,1.59,15.333616677860196
1701742424.965777,VRU_Adult,38.306094169616706,0.83,-43.40152835845947,0.75,-2.6123298406600926,1.59,26.980095053901096
1701742425.165777,VRU_Adult_Using_Bicycle,11.35118738810222,0.96,-2.751867930094408,1.64,-3.7479859193166107,1.65,-121.23360677174827
1701742425.365777,VRU_Adult,37.93174743652344,0.83,-43.754072189331055,0.75,-2.356620371341704,1.59,-70.27653161337133
1701742425.5657768,VRU_Adult_Using_Bicycle,11.375903606414802,0.96,-2.719389478365587,1.64,-3.617320617039999,1.65,-126.53477215424255
1701742425.665777,VRU_Adult,37.54672622680664,0.83,-41.50488798958914,0.75,-2.4913229601723788,1.59,99.2125162557077
1701742425.7657769,VRU_Adult_Using_Bicycle,11.516053199768074,0.96,-2.5592564582824777,1.64,-3.522230100631714,1.65,67.1808814777038
1701742425.865777,VRU_Adult_Using_Bicycle,11.30392519632976,0.96,-2.8629189332326326,1.64,-3.5615786711374926,1.65,-130.97229082692627
1701742425.865777,VRU_Adult,37.65220478602818,0.83,-41.56828144618443,0.75,-2.4989710705620882,1.59,99.49052903565777
1701742425.965777,VRU_Adult_Using_Bicycle,11.529989242553716,0.96,-2.518960793813077,1.64,-3.67083477973938,1.65,-102.7405590137457
1701742426.0657768,VRU_Adult_Using_Bicycle,11.300390243530279,0.96,-2.782521188259132,1.64,-3.819604277610779,1.65,50.32435298574192
1701742426.0657768,VRU_Adult,37.61620426177979,0.83,-43.443909645080566,0.75,-2.757407009601592,1.59,84.65446586388357
1701742426.165777,VRU_Adult_Using_Bicycle,11.510397672653205,0.96,-2.5700073242187567,1.64,-3.574160635471345,1.65,67.1286704489993
1701742426.2657769,VRU_Adult_Using_Bicycle,11.356842994689949,0.96,-2.747883796691901,1.64,-3.7459563414255785,1.65,-120.41286120129328
1701742426.365777,VRU_Adult,38.203756604875835,0.83,-43.74274771554129,0.75,-2.411645122936792,1.59,35.644237976868126
1701742426.465777,VRU_Adult,37.81712245941162,0.83,-41.07652258872986,0.75,-2.9577576965093595,1.59,100.9432077319841
1701742426.7657769,VRU_Adult,38.00947897774832,0.83,-43.46778379167829,0.75,-2.5935245582035598,1.59,23.300205068719862
1701742426.865777,VRU_Adult_Using_Bicycle,11.513085603713995,0.96,-2.562719523906715,1.64,-3.573789417743683,1.65,68.5909457062664
1701742426.865777,VRU_Adult,37.773314581977004,0.83,-41.76519372728136,0.75,-2.6079293754365698,1.59,99.46816548363721
1701742426.965777,VRU_Adult_Using_Bicycle,11.3889172077179,0.96,-2.6719637513160777,1.64,-3.781018555164337,1.65,-118.23895051108761
1701742427.165777,VRU_Adult_Using_Bicycle,11.347573916117355,0.96,-2.748823006947841,1.64,-3.7477883497873954,1.65,-121.81686007394958
1701742427.2657769,VRU_Adult_Using_Bicycle,11.49964570999146,0.96,-2.569330155849463,1.64,-3.5779499411582956,1.65,71.29090704476766
1701742427.2657769,VRU_Adult,37.43122821384006,0.83,-40.425529691908096,0.75,-2.492850859959919,1.59,99.87347175440983
1701742427.365777,VRU_Adult_Using_Bicycle,11.540627479553226,0.96,-2.520599007606513,1.64,-3.5798691511154184,1.65,-102.31019651595815
1701742427.465777,VRU_Adult,37.99213112725152,0.83,-43.12149217393664,0.75,-2.7106526162889244,1.59,80.07582083939278
1701742427.665777,VRU_Adult_Using_Bicycle,11.376841227213546,0.96,-2.7154815594355335,1.64,-3.6155742406845093,1.65,-125.54140864889189
1701742427.865777,VRU_Adult_Using_Bicycle,11.531244277954109,0.96,-2.5053155422210773,1.64,-3.6678398450215663,1.65,-104.75279928898149
1701742427.865777,VRU_Adult,38.25363969802857,0.83,-43.64242744445801,0.75,-2.4043544381856905,1.59,47.33628030348516
1701742428.0657768,VRU_Adult,38.39580078125,0.83,-42.93684310913086,0.75,-3.219245433807371,1.59,76.35992605589466
1701742428.365777,VRU_Adult,38.36165142059326,0.83,-43.37151527404785,0.75,-2.566040456295011,1.59,6.958403787178891
1701742428.465777,VRU_Adult_Using_Bicycle,11.513132731119796,0.89,-2.58525470892589,1.53,-3.3579925696055093,1.38,60.77088046275043
1701742428.5657768,VRU_Adult_Using_Bicycle,11.427413940429691,0.89,-2.6292602221171126,1.53,-3.5675620237986245,1.38,-122.45519102828723
1701742428.665777,VRU_Adult_Using_Bicycle,11.506522920396597,0.89,-2.558143642213617,1.53,-3.4536417855156794,1.38,54.33889213011875
1701742428.7657769,VRU_Adult_Using_Bicycle,11.462091128031416,0.89,-2.564405149883701,1.53,-3.4540337721506758,1.38,-119.06742018606877
1701742428.865777,VRU_Adult,37.64148902893067,0.83,-41.47968888282776,0.75,-2.7156877964735004,1.59,99.64327874643182
1701742429.165777,VRU_Adult_Using_Bicycle,11.45496569739448,0.96,-2.6078356107076077,1.64,-3.5453768306308326,1.65,-123.97375204782975
1701742429.2657769,VRU_Adult_Using_Bicycle,11.444029808044437,0.96,-2.6660493910312715,1.64,-3.4444299936294556,1.65,-123.01450584433167
1701742429.2657769,VRU_Adult,37.993705749511726,0.83,-43.431905364990236,0.75,-2.485796403884886,1.59,-148.19899563522023
1701742429.365777,VRU_Adult_Using_Bicycle,11.50618982315064,0.96,-2.553180307149894,1.64,-3.4755177795887,1.65,52.62633779450894
1701742429.365777,VRU_Adult,37.771432664659294,0.83,-41.81210496690538,0.75,-2.8331955671310407,1.59,98.64531858871565
1701742429.7657769,VRU_Adult,37.314262390136726,0.83,-40.84606018066407,0.75,-2.2882469892501818,1.59,98.10114530848045
1701742430.0657768,VRU_Adult_Using_Bicycle,11.499393599373958,0.96,-2.5041840076446595,1.64,-3.4980430603027344,1.65,-122.15402207064352
1701742430.0657768,VRU_Adult,37.61341762542725,0.83,-41.550344944000244,0.75,-2.8447631597518903,1.59,98.47390773130202
1701742430.165777,VRU_Adult_Using_Bicycle,11.48503649234772,0.96,-2.544117629528052,1.64,-3.4659329950809488,1.65,-120.68258177532766
1701742430.2657769,VRU_Adult_Using_Bicycle,11.4828454123603,0.96,-2.5688374572330113,1.64,-3.448712084028456,1.65,-120.02486812004452
1701742430.365777,VRU_Adult,37.87571907043458,0.83,-43.51654624938965,0.75,-2.4628260135650617,1.59,27.720099327939515
1701742430.465777,VRU_Adult_Using_Bicycle,11.420017600059511,0.96,-2.6070188879966802,1.64,-3.493969410657883,1.65,-123.59793312562695
1701742430.5657768,VRU_Adult_Using_Bicycle,11.452952742576606,0.96,-2.5378591120243144,1.64,-3.5559061765670776,1.65,-131.33011963291506
1701742430.5657768,VRU_Adult,38.11711992536273,0.83,-43.46605028424944,0.75,-2.499218497957501,1.59,11.425198568656395
1701742430.665777,VRU_Adult_Using_Bicycle,11.440052350362144,0.96,-2.588474829991665,1.64,-3.54435756471422,1.65,-120.15709699676322
1701742430.7657769,VRU_Adult_Using_Bicycle,11.499735832214359,0.96,-2.4967855725969654,1.64,-3.4878524371555875,1.65,-126.62615880483452
1701742430.7657769,VRU_Adult,38.24735021591187,0.83,-43.201334953308105,0.75,-2.558244332671164,1.59,9.955297984379742
1701742430.965777,VRU_Adult_Using_Bicycle,11.447170734405523,0.96,-2.588370998700466,1.64,-3.5813700755437217,1.65,-120.25412284373661
1701742431.2657769,VRU_Adult,38.41753260294596,0.83,-43.457642237345375,0.75,-2.249027609825134,1.59,8.543950987310108
1701742431.465777,VRU_Adult_Using_Bicycle,11.462574277605333,0.96,-2.620493003300265,1.64,-3.545280729021345,1.65,-122.39570343802802
1701742431.5657768,VRU_Adult,38.50215975443522,0.83,-43.464172999064125,0.75,-2.4196893374125152,1.59,3.4080746971162776
1701742431.665777,VRU_Adult_Using_Bicycle,11.349999427795415,0.96,-2.745869557062791,1.64,-3.7473661899566664,1.65,-121.58207842449849
1701742431.665777,VRU_Adult,37.504965305328376,0.83,-40.085047006607056,0.75,-2.587274059653281,1.59,97.9751398313637
1701742431.7657769,VRU_Adult_Using_Bicycle,11.533577919006353,0.96,-2.5300685167312684,1.64,-3.581443011760711,1.65,-102.56639655765122
1701742432.0657768,VRU_Adult,37.79235992431641,0.83,-43.54175720214844,0.75,-2.551068973541258,1.59,24.59283586492383
1701742432.2657769,VRU_Adult_Using_Bicycle,11.3409283955892,0.89,-2.7612020174662333,1.53,-3.751989205678305,1.38,-122.3093346942581
1701742432.365777,VRU_Adult,37.4597716331482,0.83,-40.22240424156189,0.75,-2.590705797076225,1.59,97.76566268825464
1701742432.965777,VRU_Adult_Using_Bicycle,11.347452163696296,0.96,-2.7684277892112794,1.64,-3.6480448842048645,1.65,-125.56092208735734
1701742433.365777,VRU_Adult_Using_Bicycle,11.343817392985033,0.89,-2.757889747619636,1.53,-3.751318534215292,1.38,-122.79355557675558
1701742433.665777,VRU_Adult_Using_Bicycle,11.370558420817062,0.96,-2.649268547693895,1.64,-3.9418662389119468,1.65,-119.46159082952542
1701742433.865777,Passenger_Vehicle,10.276897668838505,2.6,25.157066106796265,5.08,-4.299943387508391,1.85,-72.49841503727347
1701742433.965777,VRU_Adult_Using_Bicycle,11.347267786661789,0.96,-2.7498493194580136,1.64,-3.74884343147278,1.65,-121.51909185007764
1701742434.0657768,Passenger_Vehicle,11.389641125996912,2.6,21.868487040201824,5.08,-3.964063437779744,1.85,119.9379335819444
1701742434.365777,VRU_Adult,37.1992172241211,0.83,-40.577225875854495,0.75,-2.4679731130599953,1.59,97.90413144509236
1701742434.5657768,VRU_Adult_Using_Bicycle,11.531195004781091,0.89,-2.503860235214241,1.53,-3.6684833367665615,1.38,-102.60255098156426
1701742434.865777,Passenger_Vehicle,12.127696990966802,2.6,15.670992504466664,5.08,-4.008898800069635,1.85,114.78158501983218
1701742434.965777,Passenger_Vehicle,12.008876966393515,2.6,15.929046672323476,5.08,-4.052985398665718,1.85,-71.2819667910195
1701742435.0657768,Passenger_Vehicle,12.05496766017034,2.6,15.545545944800743,5.08,-3.969542264938354,1.85,-72.83798553714496
1701742435.2657769,Passenger_Vehicle,12.560626610465674,2.6,13.646457298942233,5.08,-3.8667839713718575,1.85,-67.4910088246906
1701742435.365777,VRU_Adult_Using_Bicycle,11.34800529479981,0.96,-2.7459878921508856,1.64,-3.7486755053202323,1.65,-121.56690907361249
1701742435.5657768,VRU_Adult_Using_Bicycle,11.365288496017463,0.89,-2.74881702661515,1.53,-3.6376217007637033,1.38,-122.63963167736077
1701742435.665777,Passenger_Vehicle,13.69423066014829,2.6,10.046518906303072,5.08,-3.610005036644313,1.85,115.93500445137954
1701742435.665777,VRU_Adult_Using_Bicycle,11.401503801345829,0.89,-2.6606483459472723,1.53,-3.7761021256446843,1.38,-120.57781891158118
1701742435.965777,VRU_Adult_Using_Bicycle,11.405734062194831,0.89,-2.670221030712135,1.53,-3.7750041484832764,1.38,-119.67821209530732
1701742436.0657768,VRU_Adult_Using_Bicycle,11.350940704345712,0.89,-2.750979900360115,1.53,-3.748212575912477,1.38,-121.71465444140287
1701742436.2657769,VRU_Adult_Using_Bicycle,11.350637435913091,0.89,-2.7506728967030907,1.53,-3.7484541734059658,1.38,-121.91751491603756
1701742436.365777,VRU_Adult_Using_Bicycle,11.520944023132328,0.89,-2.5546354293823312,1.53,-3.523235130310058,1.38,69.0185149588874
1701742436.465777,Passenger_Vehicle,17.20774408487175,2.6,-60.16462854238658,5.08,-3.4143078877375674,1.85,-123.06291876842093
1701742436.5657768,VRU_Adult,37.73157196044922,0.83,-43.61393203735353,0.75,-2.4840522289276117,1.59,15.736767798509765
1701742436.7657769,Passenger_Vehicle,14.671298554069118,2.6,1.7827960893597536,5.08,-3.628097025971663,1.85,96.91174579660814
1701742436.7657769,VRU_Adult,37.14632511138916,0.83,-40.54219675064087,0.75,-2.4480402171611764,1.59,97.08968444543481
1701742436.865777,Passenger_Vehicle,14.868438593546552,2.6,1.0078214526176423,5.08,-3.5649224175347216,1.85,96.68067776670468
1701742436.965777,VRU_Adult,17.07588720321657,0.83,-57.816736221313484,0.75,-3.3585448463757834,1.59,87.94032323205955
1701742436.965777,Passenger_Vehicle,14.958929283674376,2.6,0.23688309721994638,5.08,-3.678806681965672,1.85,96.82024964763885
1701742437.0657768,VRU_Adult_Using_Bicycle,17.283021518162336,0.89,-56.8367647443499,1.53,-3.4882377215794156,1.38,84.41907447398711
1701742437.0657768,Passenger_Vehicle,14.824804615974429,2.6,-0.44541337490081967,5.08,-3.6306553900241845,1.85,-79.74544733971146
1701742437.165777,Passenger_Vehicle,15.100970154716858,2.6,-1.2657802079227731,5.08,-3.5980776888983583,1.85,97.69818702344271
1701742437.165777,VRU_Adult,37.41062273297992,0.83,-41.04503195626395,0.75,-2.3780016728809885,1.59,98.79910648524807
1701742437.2657769,VRU_Adult,17.558240288182322,0.83,-55.3703677528783,0.75,-3.1770047388578715,1.59,81.43994934357217
1701742437.2657769,Passenger_Vehicle,15.254920323689781,2.6,-1.8214131343281943,5.08,-3.606347242991129,1.85,101.19918588120804
1701742437.365777,VRU_Adult_Using_Bicycle,11.529557228088384,0.89,-2.525666952133185,1.53,-3.6695564587910976,1.38,-103.62120246337057
1701742437.365777,Passenger_Vehicle,17.721502849033914,2.6,-53.477185748872316,5.08,-3.3091609364464167,1.85,-98.35338951637101
1701742437.365777,VRU_Adult,37.915381840297165,0.83,-43.777191162109375,0.75,-2.405347755977085,1.59,-63.38211324120311
1701742437.465777,Passenger_Vehicle,17.97775545987217,2.6,-52.605552153153866,5.08,-3.2344201478091152,1.85,-100.25052593186629
1701742437.5657768,Passenger_Vehicle,18.168119239807137,2.6,-51.765386327107755,5.08,-3.2981230179468795,1.85,-101.47470138847504
1701742437.5657768,Passenger_Vehicle,15.479736179775664,2.6,-4.4743189891179425,5.08,-3.5441731982760953,1.85,97.96841428070968
1701742437.665777,VRU_Adult_Using_Bicycle,15.372550805409752,0.89,-2.9970801870028243,1.53,-3.205793261528015,1.38,-26.565277048050817
1701742437.665777,Passenger_Vehicle,18.204654562062238,2.6,-50.92106496876684,5.08,-3.225050868659184,1.85,-100.17300140919627
1701742437.665777,Passenger_Vehicle,15.506206889485206,2.6,-5.076471295467644,5.08,-3.474451952202375,1.85,-78.87533593404834
1701742437.7657769,Passenger_Vehicle,18.39401328563691,2.6,-50.07676601409913,5.08,-3.291759215295315,1.85,-106.7396963674544
1701742437.865777,Passenger_Vehicle,14.960246944427492,2.6,-5.061266326904304,5.08,-3.2913052082061767,1.85,-115.84845481750665
1701742437.865777,Passenger_Vehicle,18.484681193033857,2.6,-49.23051155938044,5.08,-3.3341341707441536,1.85,-101.32818736613726
1701742437.965777,VRU_Adult,13.694041105417112,0.83,-20.99185879413898,0.75,-3.2568440804114696,1.59,-76.56910850605817
1701742437.965777,Passenger_Vehicle,18.347040123409705,2.6,-48.940522087944885,5.08,-3.177663571304745,1.85,-95.07464174906247
1701742437.965777,Passenger_Vehicle,17.192969730922155,2.6,-31.39449894428253,5.08,-3.410453779356819,1.85,95.37064834542089
1701742437.965777,Passenger_Vehicle,15.972732941309614,2.6,-7.559547874662613,5.08,-3.5380084183481,1.85,92.01225870586012
1701742438.0657768,VRU_Adult,12.554630374908454,0.83,-11.999052906036379,0.75,-3.268935346603393,1.59,-76.45680706421857
1701742438.0657768,VRU_Adult,17.201125658475437,0.83,-25.53351821654882,0.75,-3.4191608734619914,1.59,-78.54918798252521
1701742438.0657768,Passenger_Vehicle,18.55824900782386,2.6,-48.25581617133563,5.08,-3.1716623306274414,1.85,-90.47111934337647
1701742438.0657768,VRU_Adult,37.79753799438477,0.83,-43.906491088867185,0.75,-2.3570801973342874,1.59,-56.69887327321934
1701742438.165777,VRU_Adult,11.958108997344977,0.83,-7.163623285293582,0.75,-3.240836811065673,1.59,-76.38271844514543
1701742438.165777,Passenger_Vehicle,16.069401447589584,2.6,-9.161940748874958,5.08,-3.5206067103606,1.85,91.86772860787035
1701742438.165777,Passenger_Vehicle,15.39679098129273,2.6,-7.313408327102669,5.08,-3.405831408500672,1.85,-120.4265366101817
1701742438.165777,Passenger_Vehicle,18.612066165820977,2.6,-47.34821340200064,5.08,-3.169793161186012,1.85,-86.99942169535154
1701742438.2657769,VRU_Adult_Using_Bicycle,11.428773403167733,0.96,-2.2812593936920207,1.64,-3.3241614580154404,1.65,-86.69340759483839
1701742438.2657769,Passenger_Vehicle,15.051066398620609,2.6,-8.433076994759702,5.08,-3.456281219209944,1.85,-113.28662011202533
1701742438.2657769,Passenger_Vehicle,18.698652311813007,2.6,-46.60454656911451,5.08,-3.1584678583366927,1.85,-89.7574939851288
1701742438.2657769,Passenger_Vehicle,17.402445810812495,2.6,-28.517732708542436,5.08,-3.3458719562601154,1.85,95.54410959539754
1701742438.365777,VRU_Adult_Using_Bicycle,11.420131955827989,0.96,-2.297097878796715,1.64,-3.5228094884327468,1.65,80.03467586692662
1701742438.365777,Passenger_Vehicle,15.554567760891386,2.6,-9.251237904583968,5.08,-3.3324243227640786,1.85,-102.53906037069072
1701742438.365777,Passenger_Vehicle,18.87131495909258,2.6,-45.797543699091136,5.08,-3.2239298657937483,1.85,-87.9146645666766
1701742438.365777,Passenger_Vehicle,17.41570751483624,2.6,-27.656589948214016,5.08,-3.3771751752266512,1.85,-78.1115668246029
1701742438.465777,VRU_Adult_Using_Bicycle,11.4449733098348,0.96,-2.2938632369041456,1.64,-3.4160814483960458,1.65,-89.06004542502671
1701742438.465777,Passenger_Vehicle,15.344070954756306,2.6,-10.07526254653931,5.08,-3.305823727087541,1.85,-109.69692646579892
1701742438.465777,Passenger_Vehicle,18.95014556573362,2.6,-44.86072112102899,5.08,-3.1555304721910127,1.85,-90.7176644551221
1701742438.465777,Passenger_Vehicle,17.340355695304225,2.6,-27.568118370185463,5.08,-3.3103560431528893,1.85,-77.83772267658799
1701742438.5657768,VRU_Adult_Using_Bicycle,11.430354118347172,0.96,-2.3211030043088474,1.64,-3.4497941457308245,1.65,-41.50552674469749
1701742438.5657768,Passenger_Vehicle,18.977724400962277,2.6,-44.164516355933216,5.08,-3.217124002735789,1.85,-84.79831294185726
1701742438.5657768,Passenger_Vehicle,15.530253487664304,2.6,-10.926682549553952,5.08,-3.3331461726008236,1.85,-114.3477998254063
1701742438.665777,VRU_Adult_Using_Bicycle,11.446106978825162,0.96,-2.3093581369944993,1.64,-3.4320587941578453,1.65,-86.54646918241605
1701742438.665777,Passenger_Vehicle,15.54907871882121,2.6,-11.653521569569909,5.08,-3.339722752571106,1.85,-103.88617733047792
1701742438.665777,Passenger_Vehicle,19.005541942737725,2.6,-43.18563567267525,5.08,-3.1901494087996305,1.85,-84.63102339747465
1701742438.665777,Passenger_Vehicle,17.58057671262507,2.6,-30.556167418496656,5.08,-3.201654116312662,1.85,96.55043713970147
1701742438.7657769,VRU_Adult_Using_Bicycle,11.454328276894316,0.96,-2.3202124508944464,1.64,-3.4305836070667595,1.65,-61.16761684677393
1701742438.7657769,VRU_Adult_Using_Bicycle,11.53321552276612,0.89,-2.5118807951609354,1.53,-3.6688114007314048,1.38,-102.76365801817445
1701742438.7657769,Passenger_Vehicle,15.757455945014955,2.6,-12.790404637654627,5.08,-3.1664724747339883,1.85,-96.22119111917974
1701742438.7657769,Passenger_Vehicle,19.026087598980602,2.6,-42.44405724867336,5.08,-3.1875677693564937,1.85,-89.10019839607449
1701742438.7657769,Passenger_Vehicle,17.817166888195537,2.6,-31.27542309139086,5.08,-3.2174981936164517,1.85,96.6645963250857
1701742438.865777,VRU_Adult_Using_Bicycle,11.443937821821741,0.96,-2.3113956234671864,1.64,-3.4317817904732433,1.65,-101.05377717220003
1701742438.865777,VRU_Adult,17.968102662459664,0.83,-32.59243280991264,0.75,-3.2004792690277095,1.59,97.29037782384066
1701742438.865777,Passenger_Vehicle,15.687845286201032,2.6,-14.502094128552608,5.08,-3.3006013982436238,1.85,-91.64189936606826
1701742438.865777,Passenger_Vehicle,19.1270699677644,2.6,-41.48099750942655,5.08,-3.22612785409998,1.85,-86.73877827394037
1701742438.965777,VRU_Adult_Using_Bicycle,11.406808058420824,0.96,-2.3500803907712338,1.64,-3.362781643867491,1.65,152.56609203913362
1701742438.965777,VRU_Adult,18.02293124097459,0.83,-31.3374407950868,0.75,-3.2541716606058975,1.59,98.25653257731317
1701742438.965777,VRU_Adult_Using_Bicycle,11.493222236633306,0.89,-2.6158212820688953,1.53,-3.481344779332478,1.38,70.57454148198134
1701742438.965777,Passenger_Vehicle,15.830393046140673,2.6,-15.265395313501362,5.08,-3.302219904959202,1.85,-92.28817641065785
1701742438.965777,Passenger_Vehicle,19.20665783784828,2.6,-41.073662115603085,5.08,-3.151685748781477,1.85,-83.4637986332574
1701742439.0657768,VRU_Adult_Using_Bicycle,11.439097785949716,0.96,-2.3485803127288847,1.64,-3.391108584403991,1.65,-40.346789950806915
1701742439.0657768,VRU_Adult,18.169702218129085,0.83,-32.071116905946,0.75,-3.213598663990314,1.59,98.8392960628726
1701742439.0657768,Passenger_Vehicle,15.780665874481205,2.6,-16.147445566513962,5.08,-3.256977719419143,1.85,-81.99815584278838
1701742439.0657768,Passenger_Vehicle,19.13723179079452,2.6,-40.15897527730691,5.08,-3.160784289521991,1.85,-83.85862047935606
1701742439.165777,VRU_Adult_Using_Bicycle,11.40728886922201,0.96,-2.340337216854092,1.64,-3.3641369740168243,1.65,157.0030757146949
1701742439.165777,VRU_Adult,17.93146983508406,0.83,-30.6735918768521,0.75,-3.177766014789712,1.59,99.10991962812847
1701742439.165777,Passenger_Vehicle,15.860817266547164,2.6,-16.913758505945623,5.08,-3.3094332788301553,1.85,-88.62725952113206
1701742439.165777,Passenger_Vehicle,19.251189330528526,2.6,-39.19020659348061,5.08,-3.1911719092007345,1.85,-83.12500130918951
1701742439.2657769,VRU_Adult_Using_Bicycle,11.400825142860416,0.96,-2.3834777176380193,1.64,-3.206684619188307,1.65,-40.18642139639407
1701742439.2657769,Passenger_Vehicle,15.671652030944827,2.6,-17.762018752098086,5.08,-3.246875488758087,1.85,-75.48779088021976
1701742439.2657769,Passenger_Vehicle,19.357952690124517,2.6,-38.48262685139975,5.08,-3.1684954325358072,1.85,-79.83323570074853
1701742439.2657769,Passenger_Vehicle,18.082446805892452,2.6,-31.24824534693072,5.08,-3.1323343130850017,1.85,100.22495733849635
1701742439.365777,VRU_Adult_Using_Bicycle,11.424946679009338,0.96,-2.346236175960966,1.64,-3.340029716491698,1.65,-39.408265387251895
1701742439.365777,Passenger_Vehicle,15.88228751591274,2.6,-18.446315765380863,5.08,-3.3042423588888985,1.85,-76.36729230665927
1701742439.365777,Passenger_Vehicle,19.310504169787393,2.6,-37.442732794810155,5.08,-3.2019859612998314,1.85,-82.66800290894415
1701742439.365777,Passenger_Vehicle,18.150296651400055,2.6,-30.35466509598952,5.08,-3.2540073532324567,1.85,100.88365543278043
1701742439.465777,VRU_Adult_Using_Bicycle,11.373396979437937,0.96,-2.386427905824451,1.64,-3.211282359229193,1.65,-39.84481893176339
1701742439.465777,Passenger_Vehicle,15.971239619784887,2.6,-19.210294342041017,5.08,-3.120227305094401,1.85,-79.37516981173835
1701742439.465777,Passenger_Vehicle,19.406322594844937,2.6,-36.922092206550374,5.08,-3.140893553242539,1.85,-80.75739601906412
1701742439.465777,Passenger_Vehicle,18.53108576232312,2.6,-31.954953623752967,5.08,-3.242133776346842,1.85,101.06979248196882
1701742439.5657768,VRU_Adult_Using_Bicycle,11.373886320326065,0.96,-2.396960894266763,1.64,-3.215268452962239,1.65,-36.6226792647102
1701742439.5657768,VRU_Adult_Using_Bicycle,11.526169776916511,0.89,-2.6061514019966188,1.53,-3.2517815828323364,1.38,53.29823702516233
1701742439.5657768,Passenger_Vehicle,15.882392827202295,2.6,-20.046819574692673,5.08,-3.134015349780812,1.85,-78.44216193428716
1701742439.5657768,Passenger_Vehicle,19.386107180980932,2.6,-35.73164862774789,5.08,-3.153963550608209,1.85,-83.86233707767084
1701742439.5657768,Passenger_Vehicle,18.432947811327484,2.6,-31.031988595661364,5.08,-3.2548922990497786,1.85,102.31470078157096
1701742439.665777,VRU_Adult_Using_Bicycle,11.40011766221789,0.96,-2.3557638062371162,1.64,-3.2111117839813224,1.65,-46.36811823001201
1701742439.665777,Passenger_Vehicle,16.221042110073952,2.6,-21.230070073117496,5.08,-3.245485774932369,1.85,96.82141564338221
1701742439.665777,Passenger_Vehicle,19.41679760326039,2.6,-35.310551313920456,5.08,-3.0837403427470815,1.85,-81.52716628686247
1701742439.665777,Passenger_Vehicle,18.02508129896941,2.6,-29.659467237967032,5.08,-3.053654957700658,1.85,103.94409236601092
1701742439.7657769,VRU_Adult_Using_Bicycle,11.378431955973312,0.96,-2.3890666431850858,1.64,-3.212742328643798,1.65,-40.114361605995306
1701742439.7657769,Passenger_Vehicle,16.22495603037405,2.6,-21.84922683631981,5.08,-3.2738733553624417,1.85,97.19516284801037
1701742439.7657769,Passenger_Vehicle,19.516560342576774,2.6,-34.460557866979535,5.08,-3.149255796715065,1.85,-78.67229984406163
1701742439.7657769,Passenger_Vehicle,18.183946520090107,2.6,-29.750961750745773,5.08,-3.146793063730001,1.85,106.15075800047127
1701742439.865777,Passenger_Vehicle,16.0145127712152,2.6,-22.484445816431293,5.08,-3.181772005863679,1.85,-74.24211038471901
1701742439.865777,Passenger_Vehicle,19.50095699573386,2.6,-33.70278305842959,5.08,-3.1539990696413764,1.85,-80.2844908083242
1701742439.965777,Passenger_Vehicle,19.48847542868721,2.6,-33.01209423277114,5.08,-3.1544092959827847,1.85,-75.28097197494762
1701742439.965777,VRU_Adult_Using_Bicycle,11.379160351223423,0.96,-2.3878737025790744,1.64,-3.2116290993160654,1.65,-39.034826772239164
1701742439.965777,Passenger_Vehicle,15.90119002660116,2.6,-22.665835316975915,5.08,-3.1482141494750975,1.85,-88.89737058403435
1701742440.0657768,Passenger_Vehicle,15.909867089370204,2.6,-23.955733595223265,5.08,-2.9474607336110084,1.85,-90.89499064212606
1701742440.0657768,Passenger_Vehicle,19.552714279719765,2.6,-32.219354663576404,5.08,-3.0838668985026225,1.85,-83.67855286502427
1701742440.165777,Passenger_Vehicle,16.269882747105193,2.6,-24.91795858446059,5.08,-3.1381830068734984,1.85,-84.14359009443879
1701742440.165777,Passenger_Vehicle,19.616792631149295,2.6,-31.566268682479866,5.08,-3.073017883300781,1.85,-82.26100497229885
1701742440.2657769,Passenger_Vehicle,16.261589431762697,2.6,-25.71214792463515,5.08,-3.1402883847554524,1.85,-80.17983963080073
1701742440.2657769,Passenger_Vehicle,19.704858001397582,2.6,-31.401283692340467,5.08,-3.0259778742887535,1.85,-86.54551983735831
1701742440.365777,Passenger_Vehicle,16.255215182448882,2.6,-27.268226739132047,5.08,-3.1715015967686973,1.85,97.55094081656117
1701742440.365777,Passenger_Vehicle,19.691384869237105,2.6,-30.535814839024702,5.08,-3.0403337747819963,1.85,-81.74458190727535
1701742440.465777,Passenger_Vehicle,16.260583229064945,2.6,-27.10596951802572,5.08,-3.1423208300272623,1.85,-76.95850224905286
1701742440.465777,Passenger_Vehicle,19.794728692972438,2.6,-29.60710169234366,5.08,-3.090336376765989,1.85,-79.99975257046512
1701742440.5657768,Passenger_Vehicle,16.232871453840655,2.6,-28.050866389012604,5.08,-3.1782022963513383,1.85,-78.29139965937946
1701742440.665777,Passenger_Vehicle,16.26416810842661,2.6,-29.070242808415344,5.08,-3.178266404225276,1.85,-79.26111500029347
1701742440.665777,Passenger_Vehicle,19.64274937173595,2.6,-28.44393290644107,5.08,-3.0784130459246426,1.85,-79.61941513941315
1701742440.7657769,Passenger_Vehicle,16.15665778779147,2.6,-30.888406017370396,5.08,-3.195197264353434,1.85,92.66792877705628
1701742440.7657769,Passenger_Vehicle,19.64844963398386,2.6,-27.743401263622534,5.08,-3.099559520153289,1.85,-81.75546681656232
1701742440.865777,Passenger_Vehicle,16.193223190307624,2.6,-31.422186660766606,5.08,-3.079595720767975,1.85,103.24967080318595
1701742440.865777,Passenger_Vehicle,19.652458514807364,2.6,-27.472470661379262,5.08,-3.0055411356800006,1.85,98.28331566449855
1701742440.965777,Passenger_Vehicle,16.172306414003728,2.6,-31.839317180492262,5.08,-3.0417177147335477,1.85,100.97806145033749
1701742440.965777,Passenger_Vehicle,19.727350692749027,2.6,-26.862175712585454,5.08,-2.993970375061035,1.85,94.80817051121375
1701742441.0657768,Passenger_Vehicle,15.677057061876576,2.6,-32.456228937421535,5.08,-2.893120918955122,1.85,-69.63049842152628
1701742441.0657768,Passenger_Vehicle,19.710299861674407,2.6,-26.794075946418612,5.08,-2.936735216452151,1.85,82.50924763476499
1701742441.165777,Passenger_Vehicle,15.729831748538553,2.6,-33.23358445697361,5.08,-2.757490078608195,1.85,109.49701556034276
1701742441.165777,Passenger_Vehicle,19.79094749273256,2.6,-26.243170449900077,5.08,-2.88248825627704,1.85,83.56295305547225
1701742441.2657769,Passenger_Vehicle,15.604330149563886,2.6,-34.07735373757103,5.08,-2.7644917314702817,1.85,99.41476884360968
1701742441.2657769,Passenger_Vehicle,19.739540686974163,2.6,-25.832776045187927,5.08,-2.8866720138451996,1.85,91.0190095933909
1701742441.365777,Passenger_Vehicle,19.671376210338668,2.6,-25.3460660970436,5.08,-2.9070409693807924,1.85,90.08409235850004
1701742441.365777,Passenger_Vehicle,15.54791668483191,2.6,-35.16678782871792,5.08,-2.818225962775094,1.85,-65.43130468103251
1701742441.465777,Passenger_Vehicle,19.57686217625936,2.6,-24.715388735135402,5.08,-2.9018491754929223,1.85,95.90423178103399
1701742441.465777,Passenger_Vehicle,15.954259745279959,2.6,-35.81532160441081,5.08,-2.8981639385223392,1.85,-73.81014679320029
1701742441.5657768,Passenger_Vehicle,19.53980076566656,2.6,-24.02341684382013,5.08,-2.948919778174542,1.85,98.68520704466286
1701742441.5657768,Passenger_Vehicle,15.798268863133035,2.6,-36.89919680640811,5.08,-2.9801634152730307,1.85,102.41061934589982
1701742441.665777,Passenger_Vehicle,15.846985191106803,2.6,-37.512374997138984,5.08,-3.0329246520996094,1.85,-71.79675482819195
1701742441.665777,Passenger_Vehicle,19.37370113372803,2.6,-23.692873840332037,5.08,-2.9589484405517577,1.85,93.74002251381428
1701742441.7657769,Passenger_Vehicle,15.681108027696613,2.6,-38.20166671276093,5.08,-2.9657847434282303,1.85,-94.23080717110645
1701742441.7657769,Passenger_Vehicle,19.29547620287129,2.6,-22.910994062236714,5.08,-2.9778480062297747,1.85,94.50941141732937
1701742441.865777,Passenger_Vehicle,15.748837013244636,2.6,-39.07353256225586,5.08,-2.9774870586395266,1.85,-68.65510879218485
1701742441.865777,Passenger_Vehicle,19.38324752220741,2.6,-22.721805132352394,5.08,-3.0093739326183613,1.85,99.71817047185252
1701742441.965777,Passenger_Vehicle,19.172503486046427,2.6,-22.137929593599765,5.08,-3.0522693193875825,1.85,93.84078853377314
1701742441.965777,Passenger_Vehicle,15.751361406766458,2.6,-39.63887244004471,5.08,-3.088146200546852,1.85,-70.58964536523533
1701742442.0657768,Passenger_Vehicle,19.19208954120505,2.6,-21.489764641071194,5.08,-3.0369082935925187,1.85,97.37431598200493
1701742442.0657768,Passenger_Vehicle,15.755708034221954,2.6,-40.645141161405135,5.08,-2.986816167831421,1.85,-84.63928699224104
1701742442.165777,Passenger_Vehicle,19.096677549954123,2.6,-21.239563415790432,5.08,-3.056029426640478,1.85,94.45036830970616
1701742442.165777,Passenger_Vehicle,15.441119964306182,2.6,-41.229360287006095,5.08,-2.9712500388805685,1.85,-75.61263486221827
1701742442.2657769,Passenger_Vehicle,19.123907495052258,2.6,-20.899370802209734,5.08,-3.132664325389457,1.85,98.58758546887196
1701742442.365777,Passenger_Vehicle,18.90964914251257,2.6,-20.147672299985537,5.08,-3.0918484263949924,1.85,97.3835638904582
1701742442.365777,Passenger_Vehicle,15.282624085744237,2.6,-42.63828436533611,5.08,-2.9336716135342917,1.85,-62.33992515270699
1701742442.465777,Passenger_Vehicle,18.86426977383889,2.6,-19.933891328714665,5.08,-3.113539465403153,1.85,99.45740481518843
1701742442.465777,Passenger_Vehicle,15.300961685180681,2.6,-43.427500534057636,5.08,-3.015162968635559,1.85,-65.92152628533961
1701742442.5657768,Passenger_Vehicle,18.72745490074158,2.6,-19.65712067484856,5.08,-3.114018425345421,1.85,93.60117459080705
1701742442.5657768,Passenger_Vehicle,15.364214352199028,2.6,-44.08903966631209,5.08,-2.9335255282265797,1.85,-71.47008193897153
1701742442.665777,Passenger_Vehicle,18.6693601290385,2.6,-19.288404464721683,5.08,-3.1139058152834576,1.85,93.6888865891037
1701742442.665777,Passenger_Vehicle,14.853661317091737,2.6,-45.597460233248206,5.08,-3.224359622368446,1.85,-100.39051711622514
1701742442.7657769,Passenger_Vehicle,18.527063995111188,2.6,-18.89671744674933,5.08,-3.1183075553081077,1.85,93.40608183673461
1701742442.865777,Passenger_Vehicle,18.441165534817443,2.6,-18.728748652399805,5.08,-3.143980308454864,1.85,93.57646356978962
1701742442.865777,Passenger_Vehicle,14.91054732004803,2.6,-47.27291208902996,5.08,-3.146861314773559,1.85,-81.28622002975547
1701742442.965777,VRU_Adult_Using_Bicycle,11.103363990783695,0.89,-3.3872075557708805,1.53,-3.333221912384033,1.38,-103.20836381928203
1701742442.965777,Passenger_Vehicle,18.36081511398842,2.6,-18.388667945204112,5.08,-3.1740890618028312,1.85,98.18213073414222
1701742442.965777,Passenger_Vehicle,15.261803958726976,2.6,-48.71257765396783,5.08,-3.200105946996937,1.85,-69.11281478305042
1701742443.0657768,Passenger_Vehicle,18.168071591124246,2.6,-17.691056251525882,5.08,-3.2735050211147385,1.85,106.71310814769629
1701742443.0657768,Passenger_Vehicle,15.166928238338905,2.6,-49.43214257558188,5.08,-3.227106829484304,1.85,-80.12074731163369
1701742443.165777,Passenger_Vehicle,18.023237101236983,2.6,-17.635712273915612,5.08,-3.1673915505409242,1.85,103.23261759949749
1701742443.165777,Passenger_Vehicle,15.061047643423091,2.6,-49.94829177856446,5.08,-3.225309550762176,1.85,-81.23126941896132
1701742443.165777,Passenger_Vehicle,18.346067564828054,2.6,-17.89133310317993,5.08,-3.3275342370782575,1.85,100.22688410637792
1701742443.2657769,Passenger_Vehicle,17.96393233079177,2.6,-17.11092888391935,5.08,-3.2802834694202128,1.85,101.27177969785525
1701742443.2657769,Passenger_Vehicle,15.050653033786359,2.6,-50.902401076422805,5.08,-3.2009973658455744,1.85,-77.27467773909336
1701742443.365777,Passenger_Vehicle,17.880012512207035,2.6,-16.987729972263555,5.08,-3.301643326597394,1.85,110.44142580461175
1701742443.365777,Passenger_Vehicle,17.900817743937175,2.6,-16.71898848215739,5.08,-3.5203854322433465,1.85,110.58489010207542
1701742443.365777,Passenger_Vehicle,15.072024721087843,2.6,-51.6599885189172,5.08,-3.266954133004853,1.85,-79.62017172529855
1701742443.465777,Passenger_Vehicle,17.716308732827507,2.6,-16.744876364866894,5.08,-3.2669070611397424,1.85,108.71689856284132
1701742443.465777,Passenger_Vehicle,14.763925870259618,2.6,-52.56907812754314,5.08,-3.179257263739904,1.85,-76.6880351361595
1701742443.5657768,Passenger_Vehicle,17.62753861637439,2.6,-16.553108102184233,5.08,-3.331474809323327,1.85,111.72574236159548
1701742443.5657768,Passenger_Vehicle,14.595630125565977,2.6,-53.31022852117366,5.08,-3.2929766719991505,1.85,-84.13358477217349
1701742443.665777,Passenger_Vehicle,17.66814299992153,2.6,-16.61996079853603,5.08,-3.27973599093301,1.85,112.80929844328472
1701742443.665777,Passenger_Vehicle,14.618993441263854,2.6,-54.189339229038794,5.08,-3.2255651496705546,1.85,-82.719494914173
1701742443.7657769,Passenger_Vehicle,17.401069484773235,2.6,-16.189189832718647,5.08,-3.267200841278327,1.85,117.52771346806428
1701742443.7657769,Passenger_Vehicle,14.642055511474629,2.6,-54.72465963924633,5.08,-3.3393648932961857,1.85,-79.34334995881358
1701742443.865777,Passenger_Vehicle,17.192117326399863,2.6,-16.045958154341758,5.08,-3.323724213768454,1.85,119.82436711467903
1701742443.865777,Passenger_Vehicle,14.352965566847072,2.6,-55.64314241762515,5.08,-3.326961128800004,1.85,-78.49231235070175
1701742443.965777,Passenger_Vehicle,17.168434562105123,2.6,-15.958548907077677,5.08,-3.3113817843523896,1.85,115.3034271521492
1701742443.965777,Passenger_Vehicle,14.11056137084962,2.6,-56.04754257202149,5.08,-3.2634825611114495,1.85,-81.35652188814251
1701742444.0657768,VRU_Adult_Using_Bicycle,9.517559051513679,0.89,-6.03823924064637,1.53,-4.115875124931336,1.38,-117.55231771048159
1701742444.0657768,Passenger_Vehicle,16.93955322265625,2.6,-15.757330093383791,5.08,-3.3050934505462646,1.85,116.6248795203934
1701742444.0657768,Passenger_Vehicle,14.384800663700824,2.6,-57.436910558629926,5.08,-3.179172877912168,1.85,-74.13275233734808
1701742444.165777,Passenger_Vehicle,16.99140741114031,2.6,-15.60616054869535,5.08,-3.365359431818912,1.85,125.93783091216723
1701742444.2657769,VRU_Adult_Using_Bicycle,9.439554023742682,0.89,-5.984272766113288,1.53,-4.136614227294922,1.38,60.861083420410566
1701742444.2657769,Passenger_Vehicle,16.512562994229594,2.6,-15.157793529963092,5.08,-3.3131980774766308,1.85,130.56398037594246
1701742444.365777,VRU_Adult_Using_Bicycle,9.220788240432748,0.96,-6.325311660766609,1.64,-4.234814643859863,1.65,-117.29141749072195
1701742444.365777,Passenger_Vehicle,16.39035074412823,2.6,-15.001956492662432,5.08,-3.3898911215364933,1.85,126.8538832792824
1701742444.465777,Passenger_Vehicle,16.105137805938725,2.6,-14.732446556091311,5.08,-3.423742370605469,1.85,130.65578281196179
1701742444.5657768,Passenger_Vehicle,16.280355049391925,2.6,-14.96986912872832,5.08,-3.3499045008319923,1.85,98.44139476077389
1701742444.5657768,VRU_Adult_Using_Bicycle,9.107692599296577,0.96,-6.677893280982979,1.64,-4.00448951125145,1.65,63.43822713236457
1701742444.665777,VRU_Adult_Using_Bicycle,13.747779065912436,0.89,-61.054209969260484,1.53,-3.3597524382851343,1.38,-7.251625968706216
1701742444.665777,Passenger_Vehicle,15.844178469975791,2.6,-14.574330139160159,5.08,-3.4289717713991803,1.85,130.59564942449515
1701742444.7657769,Passenger_Vehicle,15.905145272976018,2.6,-14.555739612114142,5.08,-3.3820067149836843,1.85,105.5219233499421
1701742444.7657769,Passenger_Vehicle,13.761690378189094,2.6,-12.874804178873708,5.08,-3.405018270015717,1.85,-67.70407006810566
1701742444.7657769,VRU_Adult_Using_Bicycle,8.799605178833014,0.96,-7.362094020843514,1.64,-3.515235042572022,1.65,79.86462879898194
1701742444.865777,Passenger_Vehicle,15.42475626203749,2.6,-14.04202480669375,5.08,-3.4393358451348766,1.85,140.27019012649308
1701742444.965777,Passenger_Vehicle,15.191232288584992,2.6,-14.016635015899062,5.08,-3.470641734553319,1.85,141.5614313130225
1701742444.965777,Passenger_Vehicle,12.934727096557623,2.6,-12.519019317626958,5.08,-3.559518098831176,1.85,-99.45106088789157
1701742445.0657768,Passenger_Vehicle,15.472379738943921,2.6,-14.233276012965614,5.08,-3.4308742318834575,1.85,81.46398613571603
1701742445.0657768,Passenger_Vehicle,13.4612653337676,2.6,-12.835170351225758,5.08,-3.1588950568232046,1.85,162.6893352057899
1701742445.0657768,VRU_Adult,37.83671569824219,0.83,-43.554494857788086,0.75,-2.5190651814142844,1.59,24.64012509613874
1701742445.165777,Passenger_Vehicle,14.868806970530544,2.6,-13.832664654172701,5.08,-3.4728410120668083,1.85,146.12081127710465
1701742445.165777,VRU_Adult,37.66140365600586,0.83,-38.98441632588704,0.75,-1.8047035932540894,1.59,102.02467208049234
1701742445.2657769,Passenger_Vehicle,14.475863345833714,2.6,-13.60812406761702,5.08,-3.4161868428075044,1.85,144.05044540843176
1701742445.365777,Passenger_Vehicle,14.608364783800567,2.6,-13.702016573685869,5.08,-3.4337057242026696,1.85,148.15400994035085
1701742445.465777,VRU_Adult_Using_Bicycle,7.964117685953783,0.96,-8.728520075480153,1.64,-3.658665815989177,1.65,-127.94425717663256
1701742445.465777,Passenger_Vehicle,14.404863476753237,2.6,-13.607984006404878,5.08,-3.4511321783065796,1.85,149.93916815863102
1701742445.5657768,Passenger_Vehicle,14.324679902259343,2.6,-13.535013300307256,5.08,-3.4635931228069547,1.85,150.81848763312772
1701742445.665777,VRU_Adult_Using_Bicycle,7.424908876419074,0.96,-9.601422786712654,1.64,-3.7096521854400635,1.65,-119.21947587028558
1701742445.665777,Passenger_Vehicle,14.268035797845751,2.6,-13.460948580787298,5.08,-3.3904511077063426,1.85,142.43877399236064
1701742445.665777,Passenger_Vehicle,7.090937886919299,2.6,-4.233376302889418,5.08,-4.086478982652936,1.85,93.64681959410576
1701742445.7657769,VRU_Adult_Using_Bicycle,7.274583101272589,0.96,-9.87931299209596,1.64,-3.7001754442850747,1.65,-116.29072072147883
1701742445.7657769,Passenger_Vehicle,14.178981478621322,2.6,-13.433206348884399,5.08,-3.3928288831943427,1.85,148.23741596924125
1701742445.7657769,Passenger_Vehicle,6.978261164256509,2.6,-4.313884530748642,5.08,-4.106508033616202,1.85,93.14663064679517
1701742445.865777,Passenger_Vehicle,14.003725767135624,2.6,-13.339285135269169,5.08,-3.380240386724472,1.85,147.14582705296797
1701742445.865777,VRU_Adult,37.73043441772462,0.83,-43.63640213012695,0.75,-2.575191815694171,1.59,21.65825109612595
1701742445.965777,Passenger_Vehicle,14.102665124937548,2.6,-13.490952203440115,5.08,-3.4110168412674304,1.85,147.5551987780415
1701742445.965777,Passenger_Vehicle,6.793731492141203,2.6,-4.167768827800098,5.08,-4.189399390385068,1.85,92.33826233626856
1701742446.0657768,Passenger_Vehicle,14.268540021535516,2.6,-13.546117550617943,5.08,-3.422235360016694,1.85,151.29995932371895
1701742446.165777,Passenger_Vehicle,14.046869713327162,2.6,-13.41959213173908,5.08,-3.4203031581381094,1.85,148.01770346591348
1701742446.2657769,Passenger_Vehicle,14.294157624244693,2.6,-13.52333154678345,5.08,-3.4329869866371157,1.85,149.73371280478537
1701742446.365777,Passenger_Vehicle,14.32879617737561,2.6,-13.433640270698364,5.08,-3.39418888092041,1.85,145.90830799190178
1701742446.465777,VRU_Adult_Using_Bicycle,6.400955359141039,0.96,-11.243730545043954,1.64,-4.115296284357707,1.65,45.12930987170932
1701742446.465777,Passenger_Vehicle,14.121748063622455,2.6,-13.424936829543698,5.08,-3.443439908143951,1.85,148.85859280949154
1701742446.5657768,Passenger_Vehicle,14.131600811367946,2.6,-13.39694554465158,5.08,-3.415898113023667,1.85,152.26166258127378
1701742446.665777,Passenger_Vehicle,14.168979122525172,2.6,-13.352963016146708,5.08,-3.448079228401184,1.85,142.29714067672242
1701742446.7657769,Passenger_Vehicle,14.064341696825897,2.6,-13.417138836600566,5.08,-3.427876889705658,1.85,149.10377853399447
1701742446.865777,Passenger_Vehicle,14.209264061667705,2.6,-13.384322253140539,5.08,-3.414782014760104,1.85,146.31169946213717
1701742446.965777,Passenger_Vehicle,14.242289471626284,2.6,-13.428380751609804,5.08,-3.430888968706131,1.85,145.73550453243175
1701742447.0657768,Passenger_Vehicle,14.833685531616213,2.6,-13.746504936218262,5.08,-3.4162752532958978,1.85,101.53969039856226
1701742447.0657768,Passenger_Vehicle,13.928896563393732,2.6,-13.274097419920425,5.08,-3.406038000470116,1.85,147.08103148814806
1701742447.165777,Passenger_Vehicle,14.121234345436099,2.6,-13.428113865852358,5.08,-3.442849326133728,1.85,143.90322230225925
1701742447.2657769,Passenger_Vehicle,14.089783668518068,2.6,-13.292146873474124,5.08,-3.487890259424846,1.85,147.65530631264087
1701742447.365777,Passenger_Vehicle,14.419927227253819,2.6,-13.541015625000002,5.08,-3.4741672107151578,1.85,152.42242406945618
1701742447.365777,VRU_Adult,37.83238093058268,0.83,-43.55205535888672,0.75,-2.5187431971232077,1.59,22.09040777453256
1701742447.465777,Passenger_Vehicle,14.107859678046651,2.6,-13.347356552301454,5.08,-3.4502126893331844,1.85,146.76994207738332
1701742447.465777,VRU_Adult,37.149202074323384,0.83,-39.87132671901158,0.75,-2.1550471952983297,1.59,99.85646022063236
1701742447.5657768,Passenger_Vehicle,13.98952051488365,2.6,-13.33400914727188,5.08,-3.400771565553619,1.85,150.54605832426617
1701742447.5657768,VRU_Adult,36.461931228637695,0.83,-32.99592590332031,0.75,-1.892642587423323,1.59,-74.01567544684804
1701742447.665777,Passenger_Vehicle,14.176907915818067,2.6,-13.353646127801195,5.08,-3.374267295787209,1.85,148.9731902762144
1701742447.7657769,Passenger_Vehicle,14.140337014809635,2.6,-13.356484241974663,5.08,-3.3513344617990346,1.85,146.16743452437535
1701742447.865777,Passenger_Vehicle,14.277362623880078,2.6,-13.455554296804031,5.08,-3.446913436401722,1.85,151.97747304963494
1701742447.965777,Passenger_Vehicle,14.238714343623114,2.6,-13.460779516320482,5.08,-3.423654242565758,1.85,148.5589832308749
1701742447.965777,Passenger_Vehicle,14.79497782389323,2.6,-13.676777998606363,5.08,-3.438074803352356,1.85,105.94672598631428
1701742448.0657768,Passenger_Vehicle,14.389577533887783,2.6,-13.455791514852775,5.08,-3.4384087064991826,1.85,144.60908359990628
1701742448.0657768,VRU_Adult,37.602714538574226,0.83,-43.664117177327476,0.75,-2.4597284793853746,1.59,20.11443360639191
1701742448.165777,Passenger_Vehicle,14.149575442802618,2.6,-13.348316541532194,5.08,-3.4461408359248464,1.85,146.4349304912357
1701742448.2657769,Passenger_Vehicle,14.269469994765064,2.6,-13.497438235160635,5.08,-3.4254339658297033,1.85,145.98285354258567
1701742448.2657769,Passenger_Vehicle,14.35405118537672,2.6,-13.053010732838603,5.08,-3.485310987992719,1.85,104.49216345619243
1701742448.365777,Passenger_Vehicle,13.987566924676665,2.6,-13.398861257041375,5.08,-3.4310036694131245,1.85,146.14901088691425
1701742448.465777,Passenger_Vehicle,14.842518424987796,2.6,-13.78555399576823,5.08,-3.42490336894989,1.85,100.7472253800877
1701742448.465777,Passenger_Vehicle,14.156134150244975,2.6,-13.444191087375991,5.08,-3.3907760598442773,1.85,145.84549288229226
1701742448.5657768,Passenger_Vehicle,14.829463869333269,2.6,-13.682910263538362,5.08,-3.4089002832770343,1.85,109.46286589572486
1701742448.5657768,Passenger_Vehicle,14.175887471153626,2.6,-13.449953033810573,5.08,-3.4329623040698825,1.85,149.20577363117877
1701742448.5657768,VRU_Adult,37.67212677001953,0.83,-43.21144027709961,0.75,-2.666665935516356,1.59,108.13978791501869
1701742448.665777,Passenger_Vehicle,14.963764361846144,2.6,-13.771560375507061,5.08,-3.5105905349438,1.85,79.33605146242445
1701742448.665777,Passenger_Vehicle,14.386891294408729,2.6,-13.46360113002636,5.08,-3.4943514046845614,1.85,146.00061231569455
1701742448.7657769,Passenger_Vehicle,14.802395405976672,2.6,-13.740444639454717,5.08,-3.4637711151786466,1.85,94.57795519981252
1701742448.7657769,Passenger_Vehicle,13.981175971031192,2.6,-13.36484789848328,5.08,-3.3902680218219756,1.85,146.29132543748983
1701742448.865777,Passenger_Vehicle,14.193660898906431,2.6,-13.471977024543579,5.08,-3.464464949398506,1.85,146.54910868162438
1701742448.965777,VRU_Adult,3.253122687339788,0.83,-7.667824804782869,0.75,-3.3963806927204123,1.59,-82.92962296914439
1701742448.965777,Passenger_Vehicle,14.906370391845707,2.6,-13.766475639343264,5.08,-3.4438377952575676,1.85,96.83369898494018
1701742448.965777,Passenger_Vehicle,14.103193478706558,2.6,-13.390429350046015,5.08,-3.4021206757961173,1.85,148.04563355247473
1701742448.965777,Passenger_Vehicle,13.138730049133303,2.6,-12.842215955257418,5.08,-3.1512525379657736,1.85,-42.44611295853227
1701742449.0657768,VRU_Adult,3.326345708635124,0.83,-6.352642748090962,0.75,-3.3439435164133693,1.59,19.48030330529417
1701742449.0657768,Passenger_Vehicle,14.903078880310064,2.6,-13.764108924865722,5.08,-3.437331218719482,1.85,100.35700654758654
1701742449.0657768,Passenger_Vehicle,14.136996078491213,2.6,-13.3550482749939,5.08,-3.4311442434787756,1.85,143.21328050672005
1701742449.0657768,Passenger_Vehicle,13.19172171390418,2.6,-12.84444638454553,5.08,-3.1725782914595166,1.85,-48.801896247637025
1701742449.165777,Passenger_Vehicle,14.067837063859152,2.6,-13.298886182831557,5.08,-3.4241668538349432,1.85,146.27828054947764
1701742449.2657769,Passenger_Vehicle,14.906057730964994,2.6,-13.65850713978643,5.08,-3.43268757281096,1.85,100.42896777236699
1701742449.2657769,Passenger_Vehicle,14.053347391959951,2.6,-13.387944294856148,5.08,-3.3892154693603516,1.85,151.17668570825526
1701742449.365777,Passenger_Vehicle,14.865861892700197,2.6,-13.811274051666262,5.08,-3.4239440560340877,1.85,98.83686746943997
1701742449.365777,Passenger_Vehicle,14.0341995716095,2.6,-13.358087205886843,5.08,-3.393809217214584,1.85,146.54559672273874
1701742449.365777,Passenger_Vehicle,13.13315044749867,2.6,-12.870354276714902,5.08,-3.177392316587043,1.85,-42.79349034542658
1701742449.465777,Passenger_Vehicle,14.941808847280651,2.6,-13.874292557056133,5.08,-3.4225988663159876,1.85,68.7237790695902
1701742449.465777,Passenger_Vehicle,14.118867683410647,2.6,-13.461085700988772,5.08,-3.3815490543842315,1.85,150.5807658145597
1701742449.5657768,Passenger_Vehicle,13.986947701901808,2.6,-13.346937549357515,5.08,-3.475239237960504,1.85,150.92554485882806
1701742449.5657768,VRU_Adult,37.84993871053061,0.83,-43.49920209248861,0.75,-2.4618450005849186,1.59,33.329527411445845
1701742449.665777,Passenger_Vehicle,13.830192456926621,2.6,-13.375547926766535,5.08,-3.394803088051932,1.85,150.97338511150855
1701742449.665777,VRU_Adult,37.7482713063558,0.83,-43.490051905314125,0.75,-2.736583828926085,1.59,-96.96223067229226
1701742449.7657769,Passenger_Vehicle,14.04105835869199,2.6,-13.4343562353225,5.08,-3.417739760308039,1.85,147.77050216764854
1701742449.865777,Passenger_Vehicle,13.855034907658897,2.6,-13.273124323950876,5.08,-3.370624687936571,1.85,147.92171745515603
1701742449.965777,VRU_Adult,3.9015307724475914,0.83,-12.066898902257286,0.75,-3.5163028538227077,1.59,86.64511703764805
1701742449.965777,Passenger_Vehicle,14.74965854927346,2.6,-13.62930778220848,5.08,-3.458002920503969,1.85,88.45218985239012
1701742449.965777,Passenger_Vehicle,13.991231825293568,2.6,-13.295385128114285,5.08,-3.441471937226086,1.85,149.81964648261012
1701742450.0657768,VRU_Adult,3.918806443611786,0.83,-12.075444201628367,0.75,-3.5459244847297655,1.59,86.00882507474019
1701742450.0657768,Passenger_Vehicle,14.018096434103478,2.6,-13.377846073459938,5.08,-3.458657458021834,1.85,144.84209997284137
1701742450.165777,VRU_Adult,3.9691423502835423,0.83,-12.140591816468673,0.75,-3.5206767212260845,1.59,85.17746241047861
1701742450.165777,Passenger_Vehicle,13.662049579620364,2.6,-13.17308125495911,5.08,-3.320225644111633,1.85,153.02325966320277
1701742450.165777,VRU_Adult,37.234243392944336,0.83,-40.27307987213135,0.75,-2.271758884191512,1.59,98.35216269083465
1701742450.2657769,Passenger_Vehicle,13.57104661729601,2.6,-13.115314933988786,5.08,-3.38256800836987,1.85,154.95503925548604
1701742450.365777,Passenger_Vehicle,13.576218103107657,2.6,-12.987566722066783,5.08,-3.5052172823956145,1.85,155.83465269669176
1701742450.465777,Passenger_Vehicle,13.55324491773333,2.6,-13.124419648306713,5.08,-3.559415885380336,1.85,150.3331094850075
1701742450.5657768,Passenger_Vehicle,13.356094575697378,2.6,-12.995754949508179,5.08,-3.405997030196652,1.85,151.96363907839802
1701742450.665777,Passenger_Vehicle,13.098099412589239,2.6,-13.049654171384619,5.08,-3.318557500839234,1.85,-13.244210262568785
1701742450.7657769,Passenger_Vehicle,12.585311126708989,2.6,-12.730566469828291,5.08,-3.384841203689575,1.85,152.54032835189483
1701742450.7657769,Passenger_Vehicle,13.221865682890924,2.6,-13.012690341833867,5.08,-3.374767556334986,1.85,156.67849891702105
1701742450.7657769,VRU_Adult,37.96589736938477,0.83,-43.47324752807617,0.75,-2.4868015766143783,1.59,-135.41478231135804
1701742450.865777,Passenger_Vehicle,12.773368165299702,2.6,-12.8710436692109,5.08,-3.2210967025241337,1.85,-12.996971238686378
1701742450.865777,Passenger_Vehicle,12.726022552041451,2.6,-9.841345681863672,5.08,-4.010525324765374,1.85,100.52802367198564
1701742450.965777,Passenger_Vehicle,12.922731757164005,2.6,-12.660171246528629,5.08,-3.6083936870098112,1.85,156.66853447600954
1701742450.965777,Passenger_Vehicle,11.092383112226218,2.6,-12.078009605407718,5.08,-3.5146978071757715,1.85,144.97583441152798
1701742451.0657768,Passenger_Vehicle,12.656688712364023,2.6,-12.746618159981663,5.08,-3.7090043023575183,1.85,160.09273962305588
1701742451.0657768,Passenger_Vehicle,12.613196496040592,2.6,-10.22258532239545,5.08,-3.7721446714093605,1.85,101.01951999944649
1701742451.165777,Passenger_Vehicle,12.15088932854789,2.6,-12.392396007265367,5.08,-3.670417538711003,1.85,155.71913080488625
1701742451.2657769,Passenger_Vehicle,11.911751499882453,2.6,-12.32113177688034,5.08,-3.5807295640309658,1.85,167.38734766260185
1701742451.2657769,Passenger_Vehicle,11.659537232440453,2.6,-10.27507475148077,5.08,-3.661013230033542,1.85,94.8817946481577
1701742451.365777,Passenger_Vehicle,11.600616801868789,2.6,-12.30466846986251,5.08,-3.506649385799061,1.85,173.7788537896946
1701742451.365777,Passenger_Vehicle,12.301753097110328,2.6,-12.48266961839464,5.08,-3.442347553041246,1.85,-19.49507669227348
1701742451.465777,Passenger_Vehicle,11.709781068744086,2.6,-12.468271775679158,5.08,-3.612142642339071,1.85,60.01403462454067
1701742451.465777,Passenger_Vehicle,10.13885563817518,2.6,-11.904266258765915,5.08,-3.1729070811436095,1.85,-109.81194683953879
1701742451.465777,VRU_Adult,37.684187571207694,0.83,-43.65270614624024,0.75,-2.573818524678546,1.59,21.749887874215204
1701742451.5657768,Passenger_Vehicle,10.852009620666506,2.6,-12.105722198486333,5.08,-3.439368982315064,1.85,-173.40587751633527
1701742451.5657768,Passenger_Vehicle,7.05014347147059,2.6,-4.373827845961964,5.08,-4.378050300810072,1.85,94.96211577830027
1701742451.5657768,Passenger_Vehicle,10.500982786479753,2.6,-12.088076742071857,5.08,-3.334933807975367,1.85,-168.65671056555635
1701742451.665777,Passenger_Vehicle,10.651709829057971,2.6,-12.012710525876006,5.08,-3.6533759775615873,1.85,-165.45380086895966
1701742451.665777,Passenger_Vehicle,6.965634451972117,2.6,-3.907668482374265,5.08,-4.423964323820891,1.85,94.47824639189771
1701742451.665777,Passenger_Vehicle,10.2633422613144,2.6,-11.968696057796482,5.08,-3.540686145424842,1.85,-134.96053679835615
1701742451.7657769,Passenger_Vehicle,10.172670576307516,2.6,-11.895921972062858,5.08,-3.5841825008392334,1.85,-159.0621674057814
1701742451.7657769,Passenger_Vehicle,6.875901419540936,2.6,-4.750241809877859,5.08,-4.336857195558219,1.85,93.70792791048419
1701742451.865777,Passenger_Vehicle,9.766930601813579,2.6,-11.873659372329714,5.08,-3.233404690569097,1.85,-150.17365647376096
1701742451.965777,Passenger_Vehicle,9.588473743862581,2.6,-11.879986763000492,5.08,-3.277770459651947,1.85,-118.88659212425353
1701742451.965777,VRU_Adult,37.86256517682757,0.83,-43.728375571114675,0.75,-2.501026902879986,1.59,-93.68141361979482
1701742452.0657768,Passenger_Vehicle,9.341728334841525,2.6,-11.887419161589257,5.08,-3.350366903387982,1.85,112.0613263031921
1701742452.0657768,Passenger_Vehicle,9.110800707781761,2.6,-11.675861217357495,5.08,-3.394684588467632,1.85,131.50787290134403
1701742452.165777,Passenger_Vehicle,8.422779011726385,2.6,-11.595550155639653,5.08,-3.674976074695587,1.85,164.14782570618155
1701742452.2657769,Passenger_Vehicle,8.185024367438428,2.6,-11.445514096154115,5.08,-3.7838344044155545,1.85,-170.83022201042266
1701742452.2657769,Passenger_Vehicle,7.326194969813032,2.6,-5.570615077018742,5.08,-4.274240708351135,1.85,95.03667439451856
1701742452.365777,Passenger_Vehicle,7.0121358871460036,2.6,-12.413892364501963,5.08,-3.875152587890625,1.85,-123.50820899121541
1701742452.365777,Passenger_Vehicle,6.7960992167072956,2.6,-5.41416381251428,5.08,-4.259091569531347,1.85,92.66810089900108
1701742452.365777,VRU_Adult,37.166099548339844,0.83,-39.11047744750976,0.75,-2.246431867281595,1.59,98.66209436952025
1701742452.465777,Passenger_Vehicle,7.361678238268258,2.6,-11.835865056073228,5.08,-3.8616125583648686,1.85,-120.06583050344614
1701742452.465777,Passenger_Vehicle,6.516871575386296,2.6,-4.473160586049484,5.08,-4.305285692214965,1.85,91.55800213309668
1701742452.5657768,Passenger_Vehicle,6.819224667549138,2.6,-11.921826203664148,5.08,-3.971946922938029,1.85,-117.06433845309763
1701742452.5657768,Passenger_Vehicle,6.491574176720213,2.6,-7.57495477795601,5.08,-3.906880719321115,1.85,90.52915016684572
1701742452.665777,Passenger_Vehicle,5.662550360815871,2.6,-13.028036499023441,5.08,-3.840327528544835,1.85,-116.59310004212338
1701742452.665777,Passenger_Vehicle,6.234616180260982,2.6,-3.7001312201221803,5.08,-4.331847419341405,1.85,87.41979249804871
1701742452.7657769,Passenger_Vehicle,6.2723278782584515,2.6,-1.4497857256369195,5.08,-4.60465844111009,1.85,-85.2169083085034
1701742452.865777,Passenger_Vehicle,4.988785743713383,2.6,-7.039173940249855,5.08,-4.061593689237322,1.85,82.54997198103209
1701742452.965777,Passenger_Vehicle,4.152674107716009,2.6,-12.366842615193335,5.08,-3.4015092438664927,1.85,80.80044417175863
1701742452.965777,Passenger_Vehicle,6.36379806200664,2.6,0.27304167879951735,5.08,-4.74021467897627,1.85,-86.91539720349203
1701742453.0657768,Passenger_Vehicle,6.1153251457214415,2.6,-1.1145763540268,5.08,-4.555002937316894,1.85,85.88739877673162
1701742453.0657768,Passenger_Vehicle,3.5151926755905185,2.6,-13.960870122909549,5.08,-3.3041872620582566,1.85,93.32404502545228
1701742453.165777,Passenger_Vehicle,6.207160258293157,2.6,-0.9530208855867415,5.08,-4.572204720973968,1.85,84.58846026774835
1701742453.165777,Passenger_Vehicle,3.460940090092751,2.6,-14.184681762348525,5.08,-3.375863627953962,1.85,95.07397259619093
1701742453.165777,VRU_Adult,37.801420211792,0.83,-43.60399150848389,0.75,-2.4353487491607653,1.59,22.94599885060219
1701742453.2657769,Passenger_Vehicle,5.905217138926192,2.6,-2.1941542824109432,5.08,-4.3963303009668975,1.85,85.62010160156638
1701742453.365777,Passenger_Vehicle,5.885320356913981,2.6,-2.26490273007325,5.08,-4.390376252787453,1.85,85.87809363868539
1701742453.465777,Passenger_Vehicle,5.960170153913831,2.6,-2.2129229656581257,5.08,-4.40263975899795,1.85,84.44948353046675
1701742453.5657768,Passenger_Vehicle,5.872308665308464,2.6,-2.0389393732465595,5.08,-4.419458940111356,1.85,85.62577170098893
1701742453.5657768,VRU_Adult,37.735331217447914,0.83,-43.63925043741862,0.75,-2.5754245122273742,1.59,20.793616585675345
1701742453.665777,Passenger_Vehicle,5.891400255005938,2.6,-2.121311385056072,5.08,-4.408836224983478,1.85,84.9283133395113
1701742453.7657769,Passenger_Vehicle,5.884847552688039,2.6,-2.181230456740771,5.08,-4.413887580235799,1.85,84.81062299173755
1701742453.865777,Passenger_Vehicle,5.956051254272467,2.6,-1.4458666419982955,5.08,-4.496152629852293,1.85,85.02974922009533
1701742453.965777,Passenger_Vehicle,5.92538475990296,2.6,-1.1477133979400038,5.08,-4.541237165530522,1.85,85.55904288117749
1701742453.965777,VRU_Adult,36.61140727996826,0.83,-36.623454570770264,0.75,-2.0800240039825426,1.59,-73.63132846793809
1701742454.0657768,Passenger_Vehicle,6.200999668666299,2.6,-0.20152391138531217,5.08,-4.665690308525448,1.85,85.30576761570254
1701742454.165777,Passenger_Vehicle,-2.8868107795715288,2.6,-10.207567953294323,5.08,-3.5622439230642007,1.85,40.1023803356205
1701742454.165777,Passenger_Vehicle,6.173441489537563,2.6,-0.24375680420134038,5.08,-4.66545824209849,1.85,85.29280305926522
1701742454.165777,VRU_Adult,37.9255241394043,0.83,-43.89859161376954,0.75,-2.36060252189636,1.59,-63.83529210772905
1701742454.2657769,Passenger_Vehicle,-3.1887562134686593,2.6,-9.795237653395713,5.08,-3.8259715893689314,1.85,-106.86030436534378
1701742456.2657769,Passenger_Vehicle,6.235407257080083,2.6,0.05178679823875001,5.08,-4.701487052440642,1.85,85.14275056318375
1701742456.365777,Passenger_Vehicle,6.047373445410482,2.6,0.21740940370057385,5.08,-4.710657220137746,1.85,-87.80503956634226
1701742456.465777,Passenger_Vehicle,6.091057232448039,2.6,-0.7019416973704397,5.08,-4.614689475014096,1.85,84.83720735000786
1701742456.5657768,VRU_Adult,38.01610183715821,0.83,-43.297489929199216,0.75,-2.5423441171646113,1.59,-13.207407134997098
1701742456.965777,Passenger_Vehicle,5.958434104919439,2.6,-1.7014102106509035,5.08,-4.574699847594551,1.85,85.12085862366973
1701742457.0657768,VRU_Adult,38.86310904366629,0.83,-43.40560368129185,0.75,-2.322626812117439,1.59,-122.96870619473879
1701742457.165777,Passenger_Vehicle,6.251518726348882,2.6,0.14655817548433742,5.08,-4.790375259187486,1.85,-87.14693095504595
1701742457.165777,VRU_Adult,37.95442485809327,0.83,-43.05495786666871,0.75,-2.8806779086589795,1.59,-104.34188801226728
1701742457.2657769,Passenger_Vehicle,6.269952111774028,2.6,-0.7076449990272577,5.08,-4.719477494557697,1.85,84.04257873016847
1701742457.365777,Passenger_Vehicle,6.140011592344809,2.6,-1.2854083668101952,5.08,-4.666706562042235,1.85,85.22216430994428
1701742457.465777,Passenger_Vehicle,6.314859151840216,2.6,-0.5845707226544672,5.08,-4.74587532877922,1.85,85.64204373475654
1701742457.5657768,Passenger_Vehicle,6.041077375411993,2.6,-0.9768768191337628,5.08,-4.701865887641906,1.85,86.32276609458259
1701742457.7657769,Passenger_Vehicle,5.941040439605717,2.6,-1.7274907159805337,5.08,-4.621224288940429,1.85,85.73282443349235
1701742457.865777,Passenger_Vehicle,5.90076930434616,2.6,-2.1489258607228607,5.08,-4.565360722718415,1.85,85.104028217744
1701742457.865777,VRU_Adult,37.648408072335386,0.83,-41.587343760899145,0.75,-2.4522679362978224,1.59,98.77170956031098
1701742457.965777,Passenger_Vehicle,5.940713787078862,2.6,-1.963441884517674,5.08,-4.577075878779093,1.85,85.17155220269868
1701742458.0657768,Passenger_Vehicle,5.823944585663937,2.6,-2.234229087829595,5.08,-4.539924332073756,1.85,85.16571618393057
1701742458.2657769,Passenger_Vehicle,5.999710627964571,2.6,-0.5910983880360983,5.08,-4.685092006410871,1.85,85.93505251703803
1701742458.465777,Passenger_Vehicle,6.174883340534419,2.6,-0.18407834831037542,5.08,-4.724802594435841,1.85,-88.8316120740462
1701742458.465777,VRU_Adult,37.99740552902222,0.83,-43.33741998672486,0.75,-2.8514696955680825,1.59,-152.61764939832054
1701742458.965777,VRU_Adult,37.459607805524556,0.83,-41.523181642804836,0.75,-2.7299123321260708,1.59,98.39146031338605
1701742459.865777,VRU_Adult,37.91094589233399,0.83,-43.48383903503418,0.75,-2.7985069751739484,1.59,-118.06635190165494
1701742460.165777,VRU_Adult,37.93908745901926,0.83,-41.70393180847168,0.75,-2.1698107549122385,1.59,100.63946244171045
1701742460.965777,VRU_Adult,37.94678388323103,0.83,-43.67600468226841,0.75,-2.550105333328245,1.59,27.5632855376622
1701742461.0657768,VRU_Adult,37.22286224365235,0.83,-38.051253128051755,0.75,-2.4578586816787698,1.59,98.39142290161436
1701742461.465777,VRU_Adult,37.778195517403745,0.83,-43.175216674804695,0.75,-2.715662854058401,1.59,115.16124714116326
1701742461.965777,VRU_Adult,37.07395044962565,0.83,-40.342793994479706,0.75,-2.2638376421398574,1.59,98.62599701221652
1701742462.365777,VRU_Adult,37.925437927246094,0.83,-43.49870157241821,0.75,-2.604793846607207,1.59,-120.54270913119245
1701742463.165777,VRU_Adult,38.202754974365234,0.83,-43.94000625610351,0.75,-2.232186579704284,1.59,0.5784991676839821
1701742463.465777,VRU_Adult,38.30060704549154,0.83,-43.58906364440918,0.75,-2.526483356952665,1.59,18.96937902453128
1701742463.5657768,VRU_Adult,37.59411839076451,0.83,-41.321211678641184,0.75,-2.7248559509004857,1.59,98.67367480220035
1701742463.965777,VRU_Adult,37.98465619768415,0.83,-43.34141595023019,0.75,-2.5402407986777154,1.59,45.80970104718325
1701742464.0657768,VRU_Adult,37.75770034790039,0.83,-40.78113288879395,0.75,-2.0903631925582866,1.59,100.43776869813877
1701742465.0657768,VRU_Adult,37.587075551350914,0.83,-41.27981313069662,0.75,-2.3556240200996377,1.59,99.07986741565466
1701742465.2657769,VRU_Adult,37.66939036051432,0.83,-38.961472829182945,0.75,-1.8041142622629796,1.59,101.92901680706284
1701742466.2657769,Passenger_Vehicle,4.309530982604398,2.6,-10.922713884940514,5.08,-3.657730652735783,1.85,-91.20924964044681
1701742466.7657769,VRU_Adult,37.819444928850444,0.83,-40.87431825910296,0.75,-2.76081621646881,1.59,101.0302891361384
1701742466.865777,VRU_Adult,39.140323638916016,0.83,-42.997047424316406,0.75,-2.02933879693349,1.59,50.510717650510884
